Workbook

Sheet Master Anggota
B2: NO | C2: NPP | D2: Update NPP | E2: N A M A | F2: Status | G2: Tanggal Bergabung | H2: Area | I2: NPP | J2: STATUS | K2: TEMPAT KERJA | L2: WAJIB | M2: MANA SUKA | N2: PKPRI | O2: POKOK | P2: KHUSUS | Q2: KHUSUS | R2: Keterangan | S2: Keterangan
B3: 1 | C3: 00553 | D3: =VLOOKUP(E3,[1]Mei!$E$6:$F$173,2,0) -> 00553 | E3: Abdul Cahyo Nugroho | F3: Aktif | H3: Cakung | I3: 00553 | J3: =IF(LEFT(I3,2)="00","Tetap","Dilayani") -> Tetap | K3: SPI | L3: 100000 | M3: 150000 | O3: 20000 | Q3: 20000 | R3: 00. Awal
B4: 2 | C4: PHL | D4: =VLOOKUP(E4,[1]Mei!$E$6:$F$173,2,0) -> #N/A | E4: Rikiansyah | F4: Purna Bakti 2025 | H4: Cakung | I4: PHL | J4: =IF(LEFT(I4,2)="00","Tetap","Dilayani") -> Dilayani | K4: Divisi Pemasaran | L4: 100000 | M4: 100000 | O4: 50000 | Q4: 50000 | R4: 00. Awal
B5: 3 | C5: 00549 | D5: =VLOOKUP(E5,[1]Mei!$E$6:$F$173,2,0) -> 00549 | E5: Ahmad Fauzi - 00549 | F5: Aktif | H5: Cakung | I5: 00549 | J5: =IF(LEFT(I5,2)="00","Tetap","Dilayani") -> Tetap | K5: Divisi Produksi | L5: 100000 | M5: 100000 | O5: 50000 | Q5: 50000 | R5: 00. Awal
B6: 4 | C6: 01778 | D6: =VLOOKUP(E6,[1]Mei!$E$6:$F$173,2,0) -> #N/A | E6: Iman Solaeman | F6: Purna Bakti 2025 | G6: 45909 | I6: 01778 | J6: =IF(LEFT(I6,2)="00","Tetap","Dilayani") -> Dilayani | K6: Divisi SDM & Umum | L6: 100000 | M6: 300000
B7: 5 | C7: Nasabah | D7: =VLOOKUP(E7,[1]Mei!$E$6:$F$173,2,0) -> #N/A | E7: Tan Kian Liem/I Komang S. J | F7: Purna Bakti 2024 | I7: Nasabah | J7: Nasabah
B8: 6 | C8: 01154 | D8: =VLOOKUP(E8,[1]Mei!$E$6:$F$173,2,0) -> #N/A | E8: Sana | F8: Purna Bakti 2024 | H8: Cakung | I8: 01154 | J8: =IF(LEFT(I8,2)="00","Tetap","Dilayani") -> Dilayani | K8: Divisi Penggemukan | L8: 100000 | M8: 100000 | O8: 20000 | Q8: =O8+P8 -> 20000 | R8: 00. Awal
B9: 7 | C9: 01156 | D9: =VLOOKUP(E9,[1]Mei!$E$6:$F$173,2,0) -> #N/A | E9: Nasrul | F9: Purna Bakti 2024 | H9: Cakung | I9: 01156 | J9: =IF(LEFT(I9,2)="00","Tetap","Dilayani") -> Dilayani | K9: Divisi Penggemukan | L9: 100000 | M9: 100000 | O9: 20000 | Q9: =O9+P9 -> 20000 | R9: 00. Awal
B10: 8 | C10: 00309 | D10: =VLOOKUP(E10,[1]Mei!$E$6:$F$173,2,0) -> #N/A | E10: Ahmad Rusli | F10: Purna Bakti 2024 | H10: Cakung | I10: 00309 | J10: Tetap | K10: Bidang Umum | L10: 100000 | M10: 75000 | N10: 200 | O10: 5000 | Q10: 505000 | R10: 00. Awal
B11: 9 | C11: 00546 | D11: =VLOOKUP(E11,[1]Mei!$E$6:$F$173,2,0) -> 00546 | E11: Andrian Fadly | F11: Aktif | H11: Cakung | I11: 00546 | J11: =IF(LEFT(I11,2)="00","Tetap","Dilayani") -> Tetap | K11: Divisi Pemasaran | L11: 100000 | M11: 50000 | O11: 20000 | R11: 00. Awal
B12: 10 | C12: 00511 | D12: =VLOOKUP(E12,[1]Mei!$E$6:$F$173,2,0) -> 00511 | E12: Andung Juanda | F12: Aktif | H12: Cakung | I12: 00511 | J12: =IF(LEFT(I12,2)="00","Tetap","Dilayani") -> Tetap | K12: Divisi Produksi | L12: 100000 | M12: 50000 | O12: 5000 | R12: 00. Awal
B13: 11 | C13: 00340 | D13: =VLOOKUP(E13,[1]Mei!$E$6:$F$173,2,0) -> 00340 | E13: Anwari | F13: Aktif | H13: Cakung | I13: 00340 | J13: =IF(LEFT(I13,2)="00","Tetap","Dilayani") -> Tetap | K13: Divisi Produksi | L13: 100000 | M13: 275000 | N13: 200 | O13: 5000 | R13: 00. Awal
B14: 12 | C14: 00345 | D14: =VLOOKUP(E14,[1]Mei!$E$6:$F$173,2,0) -> #N/A | E14: Ardiansyah | F14: Purna Bakti 2026 | H14: Cakung | I14: 00345 | J14: =IF(LEFT(I14,2)="00","Tetap","Dilayani") -> Tetap | K14: Bidang Umum | L14: 100000 | M14: 275000 | N14: 200 | O14: 5000 | R14: 00. Awal
B15: 13 | C15: 01774 | D15: =VLOOKUP(E15,[1]Mei!$E$6:$F$173,2,0) -> #N/A | E15: Ery Martadinata | F15: Purna Bakti 2025 | G15: 45896 | I15: 01774 | J15: =IF(LEFT(I15,2)="00","Tetap","Dilayani") -> Dilayani | K15: Divisi SDM & Umum | L15: 100000 | M15: 100000
B16: 14 | C16: 00519 | D16: =VLOOKUP(E16,[1]Mei!$E$6:$F$173,2,0) -> 00519 | E16: Budi Laksono | F16: Aktif | H16: Cakung | I16: 00519 | J16: =IF(LEFT(I16,2)="00","Tetap","Dilayani") -> Tetap | K16: Divisi Pemasaran | L16: 100000 | M16: 125000 | N16: 0 | O16: 5000 | R16: 00. Awal
B17: 15 | C17: 00325 | D17: =VLOOKUP(E17,[1]Mei!$E$6:$F$173,2,0) -> 00325 | E17: Dadi Muhamad Mulyadi | F17: Aktif | H17: Pulogadung | I17: 00325 | J17: =IF(LEFT(I17,2)="00","Tetap","Dilayani") -> Tetap | K17: RPH Pulogadung | L17: 100000 | M17: 75000 | N17: 200 | O17: 5000 | R17: 00. Awal
B18: 16 | C18: 00543 | D18: =VLOOKUP(E18,[1]Mei!$E$6:$F$173,2,0) -> 00543 | E18: Dara Maulida | F18: Aktif | H18: Cakung | I18: 00543 | J18: =IF(LEFT(I18,2)="00","Tetap","Dilayani") -> Tetap | K18: Divisi Pemasaran | L18: 100000 | M18: 100000 | O18: 20000 | R18: 00. Awal
B19: 17 | C19: 00540 | D19: =VLOOKUP(E19,[1]Mei!$E$6:$F$173,2,0) -> 00540 | E19: Dedy Kurniawan | F19: Aktif | H19: Cakung | I19: 00540 | J19: =IF(LEFT(I19,2)="00","Tetap","Dilayani") -> Tetap | K19: Divisi Pemasaran | L19: 100000 | M19: 125000 | O19: 5000 | R19: 00. Awal
B20: 18 | C20: 00539 | D20: =VLOOKUP(E20,[1]Mei!$E$6:$F$173,2,0) -> 00539 | E20: Dewi Kartini | F20: Aktif | H20: Cakung | I20: 00539 | J20: =IF(LEFT(I20,2)="00","Tetap","Dilayani") -> Tetap | K20: Bidang Keuangan | L20: 100000 | M20: 50000 | N20: 0 | O20: 20000 | R20: 00. Awal
B21: 19 | C21: Nasabah | D21: =VLOOKUP(E21,[1]Mei!$E$6:$F$173,2,0) -> #N/A | E21: Kadelis / Udin / Wati | F21: Purna Bakti 2025 | G21: 45919 | H21: Kapuk | I21: Nasabah | J21: =IF(LEFT(I21,2)="00","Tetap","Dilayani") -> Dilayani | K21: Nasabah Kapuk
B22: 20 | C22: 00380 | D22: =VLOOKUP(E22,[1]Mei!$E$6:$F$173,2,0) -> #N/A | E22: Didi Tarmudi | F22: Purna Bakti 2025 | H22: Cakung | I22: 00380 | J22: =IF(LEFT(I22,2)="00","Tetap","Dilayani") -> Tetap | K22: RPH Cakung | L22: 100000 | M22: 175000 | N22: 200 | O22: 5000 | R22: 00. Awal
B23: 21 | C23: 00518 | D23: =VLOOKUP(E23,[1]Mei!$E$6:$F$173,2,0) -> 00518 | E23: Diki Firmansyah | F23: Aktif | H23: Cakung | I23: 00518 | J23: =IF(LEFT(I23,2)="00","Tetap","Dilayani") -> Tetap | K23: RPH Pulogadung | L23: 150000 | M23: 100000 | O23: 50000 | R23: 00. Awal
B24: 22 | C24: Nasabah | D24: =VLOOKUP(E24,[1]Mei!$E$6:$F$173,2,0) -> #N/A | E24: Ny. Tuti/Dahyuri | F24: Purna Bakti 2025 | G24: 45919 | I24: Nasabah | J24: Nasabah
B25: 23 | C25: 00490 | D25: =VLOOKUP(E25,[1]Mei!$E$6:$F$173,2,0) -> 00490 | E25: Eka Yanuar Santosa | F25: Aktif | H25: Cakung | I25: 00490 | J25: =IF(LEFT(I25,2)="00","Tetap","Dilayani") -> Tetap | K25: Bidang Umum | L25: 100000 | M25: 75000 | N25: 200 | O25: 5000 | R25: 00. Awal
B26: 24 | C26: Nasabah | D26: =VLOOKUP(E26,[1]Mei!$E$6:$F$173,2,0) -> #N/A | E26: Victor David Sambuaga | F26: Purna Bakti 2025 | G26: 45919 | I26: Nasabah | J26: Nasabah
B27: 25 | C27: 00496 | D27: =VLOOKUP(E27,[1]Mei!$E$6:$F$173,2,0) -> 00496 | E27: Ferika Pujiyanti | F27: Aktif | H27: Cakung | I27: 00496 | J27: =IF(LEFT(I27,2)="00","Tetap","Dilayani") -> Tetap | K27: Bidang Keuangan | L27: 100000 | M27: 150000 | N27: 200 | O27: 5000 | R27: 00. Awal
B28: 26 | C28: 00517 | D28: =VLOOKUP(E28,[1]Mei!$E$6:$F$173,2,0) -> 00517 | E28: Gunawan | F28: Aktif | H28: Cakung | I28: 00517 | J28: =IF(LEFT(I28,2)="00","Tetap","Dilayani") -> Tetap | K28: Bidang Litbang | L28: 100000 | M28: 300000 | N28: 200 | O28: 5000 | R28: 00. Awal
B29: 27 | C29: 00552 | D29: =VLOOKUP(E29,[1]Mei!$E$6:$F$173,2,0) -> 00552 | E29: Alfian Noor | F29: Aktif | H29: Cakung | I29: 00552 | J29: =IF(LEFT(I29,2)="00","Tetap","Dilayani") -> Tetap | K29: Bidang Umum | L29: 200000 | M29: 100000 | O29: 20000 | R29: 00. Awal
B30: 28 | C30: Nasabah | D30: =VLOOKUP(E30,[1]Mei!$E$6:$F$173,2,0) -> #N/A | E30: Roni Sambuaga | F30: Purna Bakti 2025 | G30: 45919 | I30: Nasabah | J30: Nasabah
B31: 29 | C31: Nasabah | D31: =VLOOKUP(E31,[1]Mei!$E$6:$F$173,2,0) -> #N/A | E31: Agus Tomi - Nasabah | F31: Purna Bakti 2025 | G31: 45895 | I31: Nasabah | J31: Nasabah | K31: Kapuk
B32: 30 | C32: 00541 | D32: =VLOOKUP(E32,[1]Mei!$E$6:$F$173,2,0) -> 00541 | E32: Hendra | F32: Aktif | H32: Cakung | I32: 00541 | J32: =IF(LEFT(I32,2)="00","Tetap","Dilayani") -> Tetap | K32: Divisi Pemasaran | L32: 100000 | M32: 150000 | O32: 20000 | R32: 00. Awal
B33: 31 | C33: 00537 | D33: =VLOOKUP(E33,[1]Mei!$E$6:$F$173,2,0) -> 00537 | E33: Heni Triandini | F33: Aktif | H33: Cakung | I33: 00537 | J33: =IF(LEFT(I33,2)="00","Tetap","Dilayani") -> Tetap | K33: Bidang Keuangan | L33: 100000 | M33: 100000 | N33: 0 | O33: 20000 | R33: 00. Awal
B34: 32 | C34: 00322 | D34: =VLOOKUP(E34,[1]Mei!$E$6:$F$173,2,0) -> 00322 | E34: Heru Purboyo | F34: Aktif | H34: Cakung | I34: 00322 | J34: =IF(LEFT(I34,2)="00","Tetap","Dilayani") -> Tetap | K34: RPH Pulogadung | L34: 100000 | M34: 20000 | N34: 200 | O34: 5000 | R34: 00. Awal
B35: 33 | C35: 00547 | D35: =VLOOKUP(E35,[1]Mei!$E$6:$F$173,2,0) -> 00547 | E35: Heru Sri Margono | F35: Aktif | H35: Cakung | I35: 00547 | J35: =IF(LEFT(I35,2)="00","Tetap","Dilayani") -> Tetap | K35: Bidang Keuangan | L35: 100000 | M35: 100000 | O35: 20000 | R35: 00. Awal
B36: 34 | C36: 00554 | D36: =VLOOKUP(E36,[1]Mei!$E$6:$F$173,2,0) -> 00554 | E36: Indra Suwanda | F36: Aktif | H36: Cakung | I36: 00554 | J36: =IF(LEFT(I36,2)="00","Tetap","Dilayani") -> Tetap | K36: Divisi Produksi | L36: 100000 | M36: 100000 | O36: 20000 | Q36: =O36+P36 -> 20000 | R36: 00. Awal
B37: 35 | C37: 00355 | D37: =VLOOKUP(E37,[1]Mei!$E$6:$F$173,2,0) -> #N/A | E37: Abdul Ghofir | F37: Purna Bakti 2021 | H37: Cakung | I37: 00355 | J37: =IF(LEFT(I37,2)="00","Tetap","Dilayani") -> Tetap | K37: Divisi Produksi | L37: =25000+25000+50000 -> 100000 | M37: =25000+25000+100000 -> 150000 | N37: 200 | O37: 5000 | Q37: 5000 | R37: 00. Awal
B38: 36 | C38: 00363 | D38: =VLOOKUP(E38,[1]Mei!$E$6:$F$173,2,0) -> 00363 | E38: Ir. Djoko Maryono | F38: Aktif | H38: Cakung | I38: 00363 | J38: =IF(LEFT(I38,2)="00","Tetap","Dilayani") -> Tetap | K38: RPH Cakung | L38: 150000 | M38: 10000 | N38: 200 | O38: 5000 | R38: 00. Awal
B39: 37 | C39: 00396 | D39: =VLOOKUP(E39,[1]Mei!$E$6:$F$173,2,0) -> 00396 | E39: Ir. Okto Hendri Fahlefi | F39: Aktif | H39: Cakung | I39: 00396 | J39: =IF(LEFT(I39,2)="00","Tetap","Dilayani") -> Tetap | K39: Divisi Pemasaran | L39: 150000 | M39: 200000 | N39: 200 | O39: 5000 | R39: 00. Awal
B40: 38 | C40: 00387 | D40: =VLOOKUP(E40,[1]Mei!$E$6:$F$173,2,0) -> 00387 | E40: Ismail | F40: Aktif | H40: Cakung | I40: 00387 | J40: =IF(LEFT(I40,2)="00","Tetap","Dilayani") -> Tetap | K40: Divisi Pemasaran | L40: 100000 | M40: 10000 | N40: 200 | O40: 5000 | R40: 00. Awal
B41: 39 | C41: 00508 | D41: =VLOOKUP(E41,[1]Mei!$E$6:$F$173,2,0) -> 00508 | E41: Iwan Setiawan | F41: Aktif | H41: Cakung | I41: 00508 | J41: =IF(LEFT(I41,2)="00","Tetap","Dilayani") -> Tetap | K41: Divisi Produksi | L41: 100000 | M41: 50000 | N41: 200 | O41: 5000 | R41: 00. Awal
B42: 40 | C42: 00351 | D42: =VLOOKUP(E42,[1]Mei!$E$6:$F$173,2,0) -> 00351 | E42: Jumadi | F42: Aktif | H42: Pulogadung | I42: 00351 | J42: =IF(LEFT(I42,2)="00","Tetap","Dilayani") -> Tetap | K42: RPH Pulogadung | L42: 100000 | M42: 100000 | N42: 200 | O42: 5000 | R42: 00. Awal
B43: 41 | C43: 00360 | D43: =VLOOKUP(E43,[1]Mei!$E$6:$F$173,2,0) -> #N/A | E43: Jaka Darsono, SE. | F43: Purna Bakti 2026 | H43: Cakung | I43: 00360 | J43: =IF(LEFT(I43,2)="00","Tetap","Dilayani") -> Tetap | K43: Bidang Keuangan | L43: 150000 | M43: 25000 | N43: 200 | O43: 5000 | R43: 00. Awal
B44: 42 | C44: 00281 | D44: =VLOOKUP(E44,[1]Mei!$E$6:$F$173,2,0) -> 00281 | E44: Margono - 00281 | F44: Aktif | H44: Cakung | I44: 00281 | J44: =IF(LEFT(I44,2)="00","Tetap","Dilayani") -> Tetap | K44: Bidang Keuangan | L44: 100000 | M44: 150000 | N44: 200 | O44: 5000 | R44: 00. Awal
B45: 43 | C45: 00281 | D45: =VLOOKUP(E45,[1]Mei!$E$6:$F$173,2,0) -> #N/A | E45: Margono QQ Rista - 00281 | F45: Purna Bakti 2026 | H45: Cakung | I45: 00281 | J45: =IF(LEFT(I45,2)="00","Tetap","Dilayani") -> Tetap | K45: Bidang Keuangan | L45: 100000 | M45: 50000 | O45: 5000 | R45: 00. Awal
B46: 44 | C46: 00368 | D46: =VLOOKUP(E46,[1]Mei!$E$6:$F$173,2,0) -> 00368 | E46: Margono - 00368 | F46: Aktif | H46: Cakung | I46: 00368 | J46: =IF(LEFT(I46,2)="00","Tetap","Dilayani") -> Tetap | K46: RPH Pulogadung | L46: 100000 | M46: 100000 | N46: 200 | O46: 5000 | R46: 00. Awal
B47: 45 | C47: 00401 | D47: =VLOOKUP(E47,[1]Mei!$E$6:$F$173,2,0) -> 00401 | E47: Minan Khusnaeni | F47: Aktif | H47: Cakung | I47: 00401 | J47: =IF(LEFT(I47,2)="00","Tetap","Dilayani") -> Tetap | K47: Divisi Pemasaran | L47: 150000 | M47: 175000 | N47: 200 | O47: 5000 | R47: 00. Awal
B48: 46 | C48: 00551 | D48: =VLOOKUP(E48,[1]Mei!$E$6:$F$173,2,0) -> 00551 | E48: Mohammad Rizki | F48: Aktif | H48: Cakung | I48: 00551 | J48: =IF(LEFT(I48,2)="00","Tetap","Dilayani") -> Tetap | K48: Bidang Keuangan | L48: 100000 | M48: 50000 | N48: 0 | O48: 150000 | Q48: 650000 | R48: 00. Awal
B49: 47 | C49: 00521 | D49: =VLOOKUP(E49,[1]Mei!$E$6:$F$173,2,0) -> 00521 | E49: Muhammad Dzil Ikram Jani | F49: Aktif | H49: Cakung | I49: 00521 | J49: =IF(LEFT(I49,2)="00","Tetap","Dilayani") -> Tetap | K49: Bidang Umum | L49: 100000 | M49: 200000 | N49: 0 | O49: 20000 | R49: 00. Awal
B50: 48 | C50: 00557 | D50: =VLOOKUP(E50,[1]Mei!$E$6:$F$173,2,0) -> 00557 | E50: Muhammad Irham | F50: Aktif | H50: Cakung | I50: 00557 | J50: =IF(LEFT(I50,2)="00","Tetap","Dilayani") -> Tetap | K50: SPI | L50: 150000 | M50: 25000 | N50: 0 | O50: 50000 | Q50: 50000 | R50: 00. Awal
B51: 49 | C51: 00580 | D51: =VLOOKUP(E51,[1]Mei!$E$6:$F$173,2,0) -> 00580 | E51: Muhammad Khoirullah | F51: Aktif | H51: Cakung | I51: 00580 | J51: =IF(LEFT(I51,2)="00","Tetap","Dilayani") -> Tetap | K51: Bidang Keuangan | L51: 100000 | M51: 50000 | O51: 50000 | Q51: 50000 | R51: 00. Awal
B52: 50 | C52: 00350 | D52: =VLOOKUP(E52,[1]Mei!$E$6:$F$173,2,0) -> #N/A | E52: Narto Prayitno | F52: Purna Bakti 2025 | H52: Cakung | I52: 00350 | J52: =IF(LEFT(I52,2)="00","Tetap","Dilayani") -> Tetap | K52: Divisi Pemasaran | L52: 100000 | M52: 475000 | N52: 200 | O52: 5000 | R52: 00. Awal | S52: Plan Pensiun 25 Juli 2025
B53: 51 | C53: 00317 | D53: =VLOOKUP(E53,[1]Mei!$E$6:$F$173,2,0) -> 00317 | E53: Rahmat Zaeni | F53: Aktif | H53: Pulogadung | I53: 00317 | J53: Tetap | K53: Divisi Pemasaran | L53: 100000 | M53: 15000 | N53: 200 | O53: 5000 | R53: 00. Awal
B54: 52 | C54: 00497 | D54: =VLOOKUP(E54,[1]Mei!$E$6:$F$173,2,0) -> 00497 | E54: Riana Merry Natalia | F54: Aktif | H54: Cakung | I54: 00497 | J54: Tetap | K54: RPH Cakung | L54: 100000 | M54: 500000 | N54: 200 | O54: 5000 | R54: 00. Awal
B55: 53 | C55: 00497 | D55: =VLOOKUP(E55,[1]Mei!$E$6:$F$173,2,0) -> 0 | E55: Riana Merry Natalia QQ Lasman | F55: Aktif | H55: Cakung | I55: 00497 | J55: Tetap | K55: RPH Cakung | L55: 100000 | M55: 100000 | N55: 200 | O55: 5000 | R55: 00. Awal
B56: 54 | C56: 00544 | D56: =VLOOKUP(E56,[1]Mei!$E$6:$F$173,2,0) -> 00544 | E56: Rico Septa Saputra | F56: Aktif | H56: Cakung | I56: 00544 | J56: Tetap | K56: Bidang Keuangan | L56: 100000 | M56: 50000 | O56: 50000 | Q56: 550000 | R56: 00. Awal
B57: 55 | C57: 00394 | D57: =VLOOKUP(E57,[1]Mei!$E$6:$F$173,2,0) -> #N/A | E57: Agus Setiawan | F57: Purna Bakti 2021 | H57: Cakung | I57: 00394 | J57: =IF(LEFT(I57,2)="00","Tetap","Dilayani") -> Tetap | K57: Bidang Keuangan | L57: =25000+25000+50000 -> 100000 | M57: =7500+2500+40000 -> 50000 | N57: 200 | O57: 5000 | Q57: =O57+P57 -> 5000 | R57: 00. Awal
B58: 56 | C58: 00485 | D58: =VLOOKUP(E58,[1]Mei!$E$6:$F$173,2,0) -> 00485 | E58: Rosmiati | F58: Aktif | H58: Cakung | I58: 00485 | J58: Tetap | K58: Divisi Produksi | L58: 100000 | M58: 500000 | N58: 200 | O58: 5000 | Q58: 505000 | R58: 00. Awal
B59: 57 | C59: 00213 | D59: =VLOOKUP(E59,[1]Mei!$E$6:$F$173,2,0) -> #N/A | E59: Agustina Sunarti | F59: Purna Bakti 2021 | H59: Cakung | I59: 00213 | J59: =IF(LEFT(I59,2)="00","Tetap","Dilayani") -> Tetap | K59: Divisi Pemasaran | L59: 100000 | M59: 200000 | N59: 200 | O59: 5000 | Q59: 5000 | R59: 00. Awal
B60: 58 | C60: 00213 | D60: =VLOOKUP(E60,[1]Mei!$E$6:$F$173,2,0) -> #N/A | E60: Agustina Sunarti qq Naimin | F60: Purna Bakti 2021 | H60: Cakung | I60: 00213 | J60: =IF(LEFT(I60,2)="00","Tetap","Dilayani") -> Tetap | K60: Divisi Pemasaran | L60: 100000 | M60: 100000 | Q60: 0 | R60: 00. Awal
B61: 59 | C61: 00343 | D61: =VLOOKUP(E61,[1]Mei!$E$6:$F$173,2,0) -> 00343 | E61: Sudadi | F61: Aktif | H61: Cakung | I61: 00343 | J61: Tetap | K61: RPH Cakung | L61: 100000 | M61: 150000 | N61: 200 | O61: 5000 | R61: 00. Awal
B62: 60 | C62: 00392 | D62: =VLOOKUP(E62,[1]Mei!$E$6:$F$173,2,0) -> #N/A | E62: Sapari Jumawan | F62: Purna Bakti 2025 | H62: Cakung | I62: 00392 | J62: Tetap | K62: Bidang Keuangan | L62: 100000 | M62: 17500 | N62: 200 | O62: 5000 | R62: 00. Awal
B63: 61 | C63: 00357 | D63: =VLOOKUP(E63,[1]Mei!$E$6:$F$173,2,0) -> #N/A | E63: Berman Sihaan, SE | F63: Purna Bakti 2021 | H63: Cakung | I63: 00357 | J63: =IF(LEFT(I63,2)="00","Tetap","Dilayani") -> Tetap | K63: SPI | L63: 150000 | M63: 10000 | N63: 200 | O63: 5000 | Q63: 5000 | R63: 00. Awal
B64: 62 | C64: 00293 | D64: =VLOOKUP(E64,[1]Mei!$E$6:$F$173,2,0) -> 00293 | E64: Sugiarto | F64: Aktif | H64: Cakung | I64: 00293 | J64: Tetap | K64: RPH Pulogadung | L64: 100000 | M64: 75000 | N64: 200 | O64: 5000 | R64: 00. Awal
B65: 63 | C65: 00224 | D65: =VLOOKUP(E65,[1]Mei!$E$6:$F$173,2,0) -> #N/A | E65: M. Dahlan, S. Sos. | F65: Purna Bakti 2021 | H65: Cakung | I65: 00224 | J65: Tetap | K65: SPI | L65: 200000 | M65: 500000 | N65: 200 | O65: 5000 | Q65: 5000 | R65: 00. Awal
B66: 64 | C66: x | D66: =VLOOKUP(E66,[1]Mei!$E$6:$F$173,2,0) -> #N/A | E66: Mellyna Atika Rahayu | F66: Purna Bakti 2021 | H66: Cakung | I66: 0 | J66: =IF(LEFT(I66,2)="00","Tetap","Dilayani") -> Dilayani | L66: 150000 | M66: 50000 | O66: 0 | Q66: 50000 | R66: 00. Awal
B67: 65 | C67: 00259 | D67: =VLOOKUP(E67,[1]Mei!$E$6:$F$173,2,0) -> #N/A | E67: Sutiwan | F67: Purna Bakti 2025 | H67: Cakung | I67: 00259 | J67: Tetap | K67: Bidang Umum | L67: 200000 | M67: 20000 | N67: 200 | O67: 5000 | Q67: 0 | R67: 00. Awal
B68: 66 | C68: 00284 | D68: =VLOOKUP(E68,[1]Mei!$E$6:$F$173,2,0) -> #N/A | E68: Rumambi BSC | F68: Purna Bakti 2021 | H68: Cakung | I68: 00284 | J68: =IF(LEFT(I68,2)="00","Tetap","Dilayani") -> Tetap | K68: Divisi Pemasaran | L68: 100000 | M68: 50000 | N68: 200 | O68: 5000 | Q68: 5000 | R68: 00. Awal
B69: 67 | C69: 00285 | D69: =VLOOKUP(E69,[1]Mei!$E$6:$F$173,2,0) -> #N/A | E69: Sugiarno Wibowo | F69: Purna Bakti 2021 | H69: Kapuk | I69: 00285 | J69: Tetap | K69: RPH Kapuk | L69: 150000 | M69: 50000 | N69: 200 | O69: 5000 | Q69: 5000 | R69: 00. Awal
B70: 68 | C70: 00527 | D70: =VLOOKUP(E70,[1]Mei!$E$6:$F$173,2,0) -> 00527 | E70: Toni | F70: Aktif | H70: Cakung | I70: 00527 | J70: Tetap | K70: RPH Cakung | L70: 100000 | M70: 50000 | O70: 5000 | R70: 00. Awal
B71: 69 | C71: 00354 | D71: =VLOOKUP(E71,[1]Mei!$E$6:$F$173,2,0) -> #N/A | E71: Sunardi - 00354 | F71: Purna Bakti 2021 | H71: Cakung | I71: 00354 | J71: Tetap | K71: Bidang Umum | L71: 100000 | M71: 400000 | N71: 200 | O71: 5000 | Q71: 5000 | R71: 00. Awal
B72: 70 | C72: 00362 | D72: =VLOOKUP(E72,[1]Mei!$E$6:$F$173,2,0) -> 00362 | E72: Umayah | F72: Aktif | H72: Cakung | I72: 00362 | J72: Tetap | K72: Bidang Litbang | L72: 100000 | M72: 300000 | O72: 5000 | R72: 00. Awal
B73: 71 | C73: 00548 | D73: =VLOOKUP(E73,[1]Mei!$E$6:$F$173,2,0) -> 00548 | E73: Wawan Satriawan | F73: Aktif | H73: Cakung | I73: 00548 | J73: Tetap | K73: Divisi Pemasaran | L73: 100000 | M73: 75000 | O73: 5000 | R73: 00. Awal
B74: 72 | C74: 00499 | D74: =VLOOKUP(E74,[1]Mei!$E$6:$F$173,2,0) -> 00499 | E74: Wiyan Eko Supriyanto | F74: Aktif | H74: Cakung | I74: 00499 | J74: Tetap | K74: Bidang Umum | L74: 100000 | M74: 75000 | N74: 200 | O74: 5000 | R74: 00. Awal
B75: 73 | C75: 00633 | D75: =VLOOKUP(E75,[1]Mei!$E$6:$F$173,2,0) -> 00633 | E75: Sri Wahyuningsih | F75: Aktif | H75: Cakung | I75: 00633 | J75: Dilayani | K75: Bidang Umum | L75: 100000 | M75: 12500 | N75: 200 | O75: 5000 | R75: 00. Awal
B76: 74 | C76: 00571 | D76: =VLOOKUP(E76,[1]Mei!$E$6:$F$173,2,0) -> #N/A | E76: Indra Jaya Nugraha Putra | F76: Purna Bakti 2026 | H76: Cakung | I76: 00571 | J76: Tetap | K76: RPH Pulogadung | L76: =50000+50000 -> 100000 | M76: =25000+25000 -> 50000 | O76: 20000 | Q76: =O76+P76 -> 20000 | R76: 00. Awal
B77: 75 | C77: 01166 | D77: =VLOOKUP(E77,[1]Mei!$E$6:$F$173,2,0) -> 00642 | E77: Dehur | F77: Aktif | H77: Cakung | I77: 01166 | J77: =IF(LEFT(I77,2)="00","Tetap","Dilayani") -> Dilayani | K77: Bidang Umum | L77: =25000+25000+50000 -> 100000 | M77: =10000+15000+50000 -> 75000 | O77: 5000 | Q77: =O77+P77 -> 5000 | R77: 00. Awal
B78: 76 | C78: 00200 | D78: =VLOOKUP(E78,[1]Mei!$E$6:$F$173,2,0) -> #N/A | E78: Tarmudi | F78: Purna Bakti 2021 | H78: Cakung | I78: 00200 | J78: Tetap | K78: Bidang Umum | L78: 100000 | M78: 75000 | N78: 200 | O78: 5000 | Q78: 5000 | R78: 00. Awal
B79: 77 | C79: 01505 | D79: =VLOOKUP(E79,[1]Mei!$E$6:$F$173,2,0) -> #N/A | E79: Made Sena | F79: Purna Bakti 2021 | H79: Kapuk | I79: 01505 | J79: Dilayani | K79: RPH Kapuk | L79: 100000 | M79: 50000 | O79: 5000 | Q79: 5000 | R79: 00. Awal
B80: 78 | C80: 01528 | D80: =VLOOKUP(E80,[1]Mei!$E$6:$F$173,2,0) -> #N/A | E80: Tiksori | F80: Purna Bakti 2021 | H80: Kapuk | I80: 01528 | J80: =IF(LEFT(I80,2)="00","Tetap","Dilayani") -> Dilayani | K80: RPH Kapuk | L80: =50000+50000 -> 100000 | M80: 50000 | O80: 20000 | Q80: =O80+P80 -> 20000 | R80: 00. Awal
B81: 79 | C81: 01157 | D81: =VLOOKUP(E81,[1]Mei!$E$6:$F$173,2,0) -> K637 | E81: Yonatan Banobe | F81: Aktif | H81: Cakung | I81: 01157 | J81: =IF(LEFT(I81,2)="00","Tetap","Dilayani") -> Dilayani | K81: Divisi Penggemukan | L81: =50000+50000 -> 100000 | M81: =50000+50000 -> 100000 | O81: 20000 | Q81: =O81+P81 -> 20000 | R81: 00. Awal
B82: 80 | C82: 00560 | D82: =VLOOKUP(E82,[1]Mei!$E$6:$F$173,2,0) -> 00560 | E82: Tri Indriyani | F82: Aktif | H82: Cakung | I82: 00560 | J82: =IF(LEFT(I82,2)="00","Tetap","Dilayani") -> Tetap | K82: Bidang Umum | L82: =50000+50000 -> 100000 | M82: 100000 | O82: 20000 | Q82: =O82+P82 -> 20000 | R82: 00. Awal
B83: 81 | C83: 00584 | D83: =VLOOKUP(E83,[1]Mei!$E$6:$F$173,2,0) -> 00584 | E83: Widodo | F83: Aktif | H83: Cakung | I83: 00584 | J83: =IF(LEFT(I83,2)="00","Tetap","Dilayani") -> Tetap | K83: Bidang Umum | L83: 100000 | M83: 100000 | O83: 20000 | Q83: =O83+P83 -> 20000 | R83: 00. Awal
B84: 82 | C84: 00583 | D84: =VLOOKUP(E84,[1]Mei!$E$6:$F$173,2,0) -> 00583 | E84: Septi Priawandra | F84: Aktif | H84: Cakung | I84: 00583 | J84: =IF(LEFT(I84,2)="00","Tetap","Dilayani") -> Tetap | K84: Divisi Pemasaran | L84: 100000 | M84: 100000 | O84: 5000 | Q84: =O84+P84 -> 5000 | R84: 00. Awal
B85: 83 | C85: 00556 | D85: =VLOOKUP(E85,[1]Mei!$E$6:$F$173,2,0) -> 00556 | E85: Faisal Amri | F85: Aktif | H85: Cakung | I85: 00556 | J85: =IF(LEFT(I85,2)="00","Tetap","Dilayani") -> Tetap | K85: Bidang Umum | L85: =50000+50000 -> 100000 | M85: 100000 | O85: 20000 | Q85: =O85+P85 -> 20000 | R85: 00. Awal
B86: 84 | C86: 00563 | D86: =VLOOKUP(E86,[1]Mei!$E$6:$F$173,2,0) -> 00563 | E86: Ferry Firmanto | F86: Aktif | H86: Cakung | I86: 00563 | J86: =IF(LEFT(I86,2)="00","Tetap","Dilayani") -> Tetap | K86: Divisi Pemasaran | L86: =50000+50000 -> 100000 | M86: 150000 | O86: 20000 | Q86: =O86+P86 -> 20000 | R86: 00. Awal
B87: 85 | C87: 00568 | D87: =VLOOKUP(E87,[1]Mei!$E$6:$F$173,2,0) -> 00568 | E87: Marhasan | F87: Aktif | H87: Cakung | I87: 00568 | J87: =IF(LEFT(I87,2)="00","Tetap","Dilayani") -> Tetap | K87: Divisi Pemasaran | L87: 100000 | M87: 100000 | O87: 50000 | Q87: 50000 | R87: 00. Awal
B88: 86 | C88: 00569 | D88: =VLOOKUP(E88,[1]Mei!$E$6:$F$173,2,0) -> 00569 | E88: Rudiansyah | F88: Aktif | H88: Cakung | I88: 00569 | J88: =IF(LEFT(I88,2)="00","Tetap","Dilayani") -> Tetap | K88: Divisi Pemasaran | L88: =50000+50000 -> 100000 | M88: 150000 | O88: 20000 | Q88: =O88+P88 -> 20000 | R88: 00. Awal
B89: 87 | C89: 00566 | D89: =VLOOKUP(E89,[1]Mei!$E$6:$F$173,2,0) -> 00566 | E89: Arsim | F89: Aktif | H89: Cakung | I89: 00566 | J89: =IF(LEFT(I89,2)="00","Tetap","Dilayani") -> Tetap | K89: Bidang Umum | L89: =50000+50000 -> 100000 | M89: 150000 | O89: 20000 | Q89: =O89+P89 -> 20000 | R89: 00. Awal
B90: 88 | C90: 00577 | D90: =VLOOKUP(E90,[1]Mei!$E$6:$F$173,2,0) -> 00577 | E90: Arief Indrawan | F90: Aktif | H90: Cakung | I90: 00577 | J90: =IF(LEFT(I90,2)="00","Tetap","Dilayani") -> Tetap | K90: Arsip | L90: 100000 | M90: 150000 | O90: 50000 | Q90: 50000 | R90: 00. Awal
B91: 89 | C91: 01509 | D91: =VLOOKUP(E91,[1]Mei!$E$6:$F$173,2,0) -> #N/A | E91: Hari Yanto | F91: Purna Bakti 2021 | H91: Kapuk | I91: 01509 | J91: =IF(LEFT(I91,2)="00","Tetap","Dilayani") -> Dilayani | K91: RPH Kapuk | L91: =25000+25000+50000 -> 100000 | M91: 70000 | O91: 5000 | Q91: =O91+P91 -> 5000 | R91: 00. Awal
B92: 90 | C92: 00581 | D92: =VLOOKUP(E92,[1]Mei!$E$6:$F$173,2,0) -> 00581 | E92: Lita Ayu Rosida | F92: Purna Bakti 2026 | H92: Cakung | I92: 00581 | J92: =IF(LEFT(I92,2)="00","Tetap","Dilayani") -> Tetap | K92: Bidang Keuangan | L92: 100000 | M92: 200000 | O92: 50000 | Q92: 50000 | R92: 00. Awal
B93: 91 | C93: 01515 | D93: =VLOOKUP(E93,[1]Mei!$E$6:$F$173,2,0) -> #N/A | E93: Sofyan Setiawan | F93: Purna Bakti 2021 | H93: Kapuk | I93: 01515 | J93: =IF(LEFT(I93,2)="00","Tetap","Dilayani") -> Dilayani | K93: RPH Kapuk | L93: =25000+25000+50000 -> 100000 | M93: 75000 | N93: 0 | O93: 5000 | Q93: =O93+P93 -> 5000 | R93: 00. Awal
B94: 92 | C94: 00565 | D94: =VLOOKUP(E94,[1]Mei!$E$6:$F$173,2,0) -> 00565 | E94: Fellix Stephen Willa | F94: Aktif | H94: Cakung | I94: 00565 | J94: =IF(LEFT(I94,2)="00","Tetap","Dilayani") -> Tetap | K94: Bidang Umum | L94: =50000+50000 -> 100000 | M94: =250000+150000 -> 400000 | O94: 20000 | Q94: =O94+P94 -> 20000 | R94: 00. Awal
B95: 93 | C95: 00567 | D95: =VLOOKUP(E95,[1]Mei!$E$6:$F$173,2,0) -> 00567 | E95: Ahmad Zaid Mahfudi | F95: Aktif | H95: Cakung | I95: 00567 | J95: =IF(LEFT(I95,2)="00","Tetap","Dilayani") -> Tetap | K95: SPI | L95: 100000 | M95: 400000 | O95: 50000 | Q95: 0 | R95: 00. Awal
B96: 94 | C96: 01527 | D96: =VLOOKUP(E96,[1]Mei!$E$6:$F$173,2,0) -> #N/A | E96: Sumarsi | F96: Purna Bakti 2021 | H96: Kapuk | I96: 01527 | J96: =IF(LEFT(I96,2)="00","Tetap","Dilayani") -> Dilayani | K96: RPH Kapuk | L96: =50000+50000 -> 100000 | M96: =50000+50000 -> 100000 | O96: 20000 | Q96: =O96+P96 -> 20000 | R96: 00. Awal
B97: 95 | C97: 00593 | D97: =VLOOKUP(E97,[1]Mei!$E$6:$F$173,2,0) -> 00593 | E97: Tirto Bayu Saputro | F97: Aktif | H97: Cakung | I97: 00593 | J97: =IF(LEFT(I97,2)="00","Tetap","Dilayani") -> Tetap | K97: Divisi Produksi | L97: 100000 | M97: 250000 | O97: 0 | R97: 00. Awal
B98: 96 | C98: 00588 | D98: =VLOOKUP(E98,[1]Mei!$E$6:$F$173,2,0) -> 00588 | E98: Arno Nugroho | F98: Aktif | H98: Cakung | I98: 00588 | J98: =IF(LEFT(I98,2)="00","Tetap","Dilayani") -> Tetap | K98: Bidang Keuangan | L98: 100000 | M98: 200000 | O98: 50000 | Q98: 50000 | R98: 00. Awal
B99: 97 | C99: 00582 | D99: =VLOOKUP(E99,[1]Mei!$E$6:$F$173,2,0) -> 00582 | E99: Afan Wahyu Syafii | F99: Aktif | H99: Cakung | I99: 00582 | J99: =IF(LEFT(I99,2)="00","Tetap","Dilayani") -> Tetap | K99: Bidang Litbang | L99: 200000 | M99: 250000 | O99: 50000 | Q99: 50000 | R99: 00. Awal
B100: 98 | C100: 00596 | D100: =VLOOKUP(E100,[1]Mei!$E$6:$F$173,2,0) -> 00596 | E100: Mumuh Mulyawan | F100: Aktif | H100: Cakung | I100: 00596 | J100: =IF(LEFT(I100,2)="00","Tetap","Dilayani") -> Tetap | K100: Bidang Umum | L100: 100000 | M100: 500000 | O100: 50000 | R100: 00. Awal
B101: 99 | C101: 00535 | D101: =VLOOKUP(E101,[1]Mei!$E$6:$F$173,2,0) -> 00535 | E101: Agung Pambudi | F101: Aktif | H101: Kapuk | I101: 00535 | J101: =IF(LEFT(I101,2)="00","Tetap","Dilayani") -> Tetap | K101: Divisi Penggemukan | L101: =25000+25000+50000 -> 100000 | M101: =270000-120000 -> 150000 | O101: 5000 | Q101: =O101+P101 -> 5000 | R101: 00. Awal
...

Sheet Pivo Simpanan
A1: Status | B1: (Multiple Items)
A3: NPP | B3: N A M A | C3: Bulan | D3: Kategori | E3: Keterangan | F3: Sum of SHU | G3: Sum of Khusus | H3: Sum of SIMPANAN WAJIB | I3: Sum of SIMPANAN MANASUKA | J3: Simpanan + Manasuka | K3: Total
A4: PHL | B4: Siswanto | C4: 00. Saldo Akhir 2025 | F4: 7510261 | G4: 0 | H4: 15436622 | I4: 1360000 | J4: 16796622 | K4: 24306883
C5: 01. Jan 2026 | D5: Setoran Simpanan | E5: 46045 | F5: 0 | G5: 0 | H5: 0 | I5: 0 | J5: 0 | K5: 0
C6: 02. Feb 2026 | D6: Setoran Simpanan | E6: 46078 | F6: 0 | G6: 0 | H6: 100000 | I6: 10000 | J6: 110000 | K6: 110000
C7: 03. Mar 2026 | D7: Setoran Simpanan | E7: 46106 | F7: 0 | G7: 0 | H7: 100000 | I7: 10000 | J7: 110000 | K7: 110000
C8: 04. Apr 2026 | D8: Setoran Simpanan | E8: 46136 | F8: 0 | G8: 0 | H8: 100000 | I8: 10000 | J8: 110000 | K8: 110000
C9: 05. Mei 2026 | D9: Setoran Simpanan | E9: 46167 | F9: 0 | G9: 0 | H9: 100000 | I9: 10000 | J9: 110000 | K9: 110000
C10: 06. Jun 2026 | D10: Setoran Simpanan | E10: 46198 | F10: 0 | G10: 0 | H10: 100000 | I10: 10000 | J10: 110000 | K10: 110000
C11: 07. Jul 2026 | D11: Setoran Simpanan | E11: 46227 | F11: 0 | G11: 0 | H11: 100000 | I11: 10000 | J11: 110000 | K11: 110000
C12: 08. Agu 2026 | D12: Setoran Simpanan | E12: 46258 | F12: 0 | G12: 0 | H12: 100000 | I12: 10000 | J12: 110000 | K12: 110000
A13: Grand Total | F13: 7510261 | G13: 0 | H13: 16136622 | I13: 1430000 | J13: 17566622 | K13: 25076883
J16: =GETPIVOTDATA("Simpanan + Manasuka",$A$3)*4 -> 70266488

Sheet Detail Simpanan
B1: NO | C1: N A M A | D1: Status | E1: Tanggal Bergabung | F1: Area | G1: NPP | H1: Khusus | I1: SHU | J1: SIMPANAN WAJIB | K1: SIMPANAN MANASUKA | L1: Bulan | M1: Keterangan | N1: Kategori
B2: 1 | C2: A. Rafik | D2: =VLOOKUP(C2,'Master Anggota'!$E$2:$J$678,2,0) -> Aktif | G2: =VLOOKUP(C2,'Master Anggota'!$E$2:$J$678,5,0) -> 01776 | H2: 0 | I2: 0 | J2: 800000 | K2: 1600000 | L2: 00. Saldo Akhir 2025 | M2: Saldo Awal | N2: Saldo Awal
B3: 2 | C3: Aan Supriyatin | D3: =VLOOKUP(C3,'Master Anggota'!$E$2:$J$678,2,0) -> Aktif | G3: =VLOOKUP(C3,'Master Anggota'!$E$2:$J$678,5,0) -> 01739 | H3: 0 | I3: 0 | J3: 1000000 | K3: 1800000 | L3: 00. Saldo Akhir 2025 | M3: Saldo Awal | N3: Saldo Awal
B4: 3 | C4: Abdul Cahyo Nugroho | D4: =VLOOKUP(C4,'Master Anggota'!$E$2:$J$678,2,0) -> Aktif | G4: =VLOOKUP(C4,'Master Anggota'!$E$2:$J$678,5,0) -> 00553 | H4: 0 | I4: 3694115 | J4: 10278197 | K4: 831668 | L4: 00. Saldo Akhir 2025 | M4: Saldo Awal | N4: Saldo Awal
B5: 4 | C5: Achmad Ikang Zulkarnain | D5: =VLOOKUP(C5,'Master Anggota'!$E$2:$J$678,2,0) -> Aktif | G5: =VLOOKUP(C5,'Master Anggota'!$E$2:$J$678,5,0) -> PHL Distribusi | H5: 0 | I5: 0 | J5: 600000 | K5: 900000 | L5: 00. Saldo Akhir 2025 | M5: Saldo Awal | N5: Saldo Awal
B6: 5 | C6: Adam Bakhtiar | D6: =VLOOKUP(C6,'Master Anggota'!$E$2:$J$678,2,0) -> Aktif | G6: =VLOOKUP(C6,'Master Anggota'!$E$2:$J$678,5,0) -> PHL Produksi | H6: 0 | I6: 0 | J6: 200000 | K6: 100000 | L6: 00. Saldo Akhir 2025 | M6: Saldo Awal | N6: Saldo Awal
B7: 6 | C7: Ade Kurnia | D7: =VLOOKUP(C7,'Master Anggota'!$E$2:$J$678,2,0) -> Aktif | G7: =VLOOKUP(C7,'Master Anggota'!$E$2:$J$678,5,0) -> 01651 | H7: 0 | I7: 413679 | J7: 2200000 | K7: 1100000 | L7: 00. Saldo Akhir 2025 | M7: Saldo Awal | N7: Saldo Awal
B8: 7 | C8: Ady Sucipto | D8: =VLOOKUP(C8,'Master Anggota'!$E$2:$J$678,2,0) -> Aktif | G8: =VLOOKUP(C8,'Master Anggota'!$E$2:$J$678,5,0) -> 00616 | H8: 0 | I8: 0 | J8: 1100000 | K8: 2800000 | L8: 00. Saldo Akhir 2025 | M8: Saldo Awal | N8: Saldo Awal
B9: 8 | C9: Aep Saefudin | D9: =VLOOKUP(C9,'Master Anggota'!$E$2:$J$678,2,0) -> Aktif | G9: =VLOOKUP(C9,'Master Anggota'!$E$2:$J$678,5,0) -> PHL Produksi | H9: 0 | I9: 0 | J9: 200000 | K9: 100000 | L9: 00. Saldo Akhir 2025 | M9: Saldo Awal | N9: Saldo Awal
B10: 9 | C10: Afan Wahyu Syafii | D10: =VLOOKUP(C10,'Master Anggota'!$E$2:$J$678,2,0) -> Aktif | G10: =VLOOKUP(C10,'Master Anggota'!$E$2:$J$678,5,0) -> 00582 | H10: 0 | I10: 1828753 | J10: 6600000 | K10: 5150000 | L10: 00. Saldo Akhir 2025 | M10: Saldo Awal | N10: Saldo Awal
B11: 10 | C11: Agung | D11: =VLOOKUP(C11,'Master Anggota'!$E$2:$J$678,2,0) -> Aktif | G11: =VLOOKUP(C11,'Master Anggota'!$E$2:$J$678,5,0) -> PHL Produksi | H11: 0 | I11: 0 | J11: 200000 | K11: 100000 | L11: 00. Saldo Akhir 2025 | M11: Saldo Awal | N11: Saldo Awal
B12: 11 | C12: Agung Pambudi | D12: =VLOOKUP(C12,'Master Anggota'!$E$2:$J$678,2,0) -> Aktif | G12: =VLOOKUP(C12,'Master Anggota'!$E$2:$J$678,5,0) -> 00535 | H12: 0 | I12: 4501436 | J12: 11232731 | K12: 3260000 | L12: 00. Saldo Akhir 2025 | M12: Saldo Awal | N12: Saldo Awal
B13: 12 | C13: Agus Tomi | D13: =VLOOKUP(C13,'Master Anggota'!$E$2:$J$678,2,0) -> Aktif | G13: =VLOOKUP(C13,'Master Anggota'!$E$2:$J$678,5,0) -> 01740 | H13: 0 | I13: 0 | J13: 1000000 | K13: 900000 | L13: 00. Saldo Akhir 2025 | M13: Saldo Awal | N13: Saldo Awal
... B203: 202 | C203: Marwanto | D203: =VLOOKUP(C203,'Master Anggota'!$E$2:$J$678,2,0) -> PHL | G203: =VLOOKUP(C203,'Master Anggota'!$E$2:$J$678,5,0) -> 01510 | H203: 0 | I203: 5314988 | J203: 11230749 | K203: 8720000 | L203: 00. Saldo Akhir 2025 | M203: Saldo Awal | N203: Saldo Awal
B204: 203 | C204: Taufiqurrahman | D204: =VLOOKUP(C204,'Master Anggota'!$E$2:$J$678,2,0) -> Aktif | G204: =VLOOKUP(C204,'Master Anggota'!$E$2:$J$678,5,0) -> 00558 | H204: 0 | I204: 0 | J204: 0 | K204: -7500000 | L204: 01. Jan 2026 | M204: 46036 | N204: Pengambilan Manasuka
B205: 204 | C205: Ferika Pujiyanti | D205: =VLOOKUP(C205,'Master Anggota'!$E$2:$J$678,2,0) -> Aktif | G205: =VLOOKUP(C205,'Master Anggota'!$E$2:$J$678,5,0) -> 00496 | H205: 0 | I205: 0 | J205: 0 | K205: -4000000 | L205: 01. Jan 2026 | M205: 46036 | N205: Pengambilan Manasuka
B206: 205 | C206: Fellix Stephen Willa | D206: =VLOOKUP(C206,'Master Anggota'!$E$2:$J$678,2,0) -> Aktif | G206: =VLOOKUP(C206,'Master Anggota'!$E$2:$J$678,5,0) -> 00565 | H206: 0 | I206: 0 | J206: 0 | K206: 0 | L206: 01. Jan 2026 | M206: 46036 | N206: Ditolak Pengajuan Pengambilan Manasukanya
B207: 206 | C207: Septi Priawandra | D207: =VLOOKUP(C207,'Master Anggota'!$E$2:$J$678,2,0) -> Aktif | G207: =VLOOKUP(C207,'Master Anggota'!$E$2:$J$678,5,0) -> 00583 | H207: 0 | I207: 0 | J207: 0 | K207: -1000000 | L207: 01. Jan 2026 | M207: 46045 | N207: Pengambilan Manasuka
B208: 207 | C208: Wawan Satriawan | D208: =VLOOKUP(C208,'Master Anggota'!$E$2:$J$678,2,0) -> Aktif | G208: =VLOOKUP(C208,'Master Anggota'!$E$2:$J$678,5,0) -> 00548 | H208: 0 | I208: 0 | J208: 0 | K208: -1000000 | L208: 01. Jan 2026 | M208: 46045 | N208: Pengambilan Manasuka
B209: 208 | C209: Putu Dharma Santika | D209: =VLOOKUP(C209,'Master Anggota'!$E$2:$J$678,2,0) -> Aktif | G209: =VLOOKUP(C209,'Master Anggota'!$E$2:$J$678,5,0) -> 01560 | H209: 0 | I209: 0 | J209: 0 | K209: -1500000 | L209: 01. Jan 2026 | M209: 46045 | N209: Pengambilan Manasuka
B210: 209 | C210: Suwitno | D210: =VLOOKUP(C210,'Master Anggota'!$E$2:$J$678,2,0) -> Aktif | G210: =VLOOKUP(C210,'Master Anggota'!$E$2:$J$678,5,0) -> 00515 | H210: 0 | I210: 0 | J210: 0 | K210: -3000000 | L210: 01. Jan 2026 | M210: 46056 | N210: Pengambilan Manasuka
B211: 210 | C211: Mumuh Mulyawan | D211: =VLOOKUP(C211,'Master Anggota'!$E$2:$J$678,2,0) -> Aktif | G211: =VLOOKUP(C211,'Master Anggota'!$E$2:$J$678,5,0) -> 00596 | H211: 0 | I211: 0 | J211: 0 | K211: -1500000 | L211: 01. Jan 2026 | M211: 46052 | N211: Pengambilan Manasuka
B212: 211 | C212: Margono - 00281 | D212: =VLOOKUP(C212,'Master Anggota'!$E$2:$J$678,2,0) -> Aktif | G212: =VLOOKUP(C212,'Master Anggota'!$E$2:$J$678,5,0) -> 00281 | H212: 0 | I212: 0 | J212: 100000 | K212: 150000 | L212: 01. Jan 2026 | M212: 46045 | N212: Setoran Simpanan
B213: 212 | C213: Margono QQ Rista - 00281 | D213: =VLOOKUP(C213,'Master Anggota'!$E$2:$J$678,2,0) -> Purna Bakti 2026 | G213: =VLOOKUP(C213,'Master Anggota'!$E$2:$J$678,5,0) -> 00281 | H213: 0 | I213: 0 | J213: 100000 | K213: 150000 | L213: 01. Jan 2026 | M213: 46045 | N213: Setoran Simpanan
B214: 213 | C214: Sri Hartoyo | D214: =VLOOKUP(C214,'Master Anggota'!$E$2:$J$678,2,0) -> Purna Bakti 2026 | G214: =VLOOKUP(C214,'Master Anggota'!$E$2:$J$678,5,0) -> 00288 | H214: 0 | I214: 0 | J214: 100000 | K214: 100000 | L214: 01. Jan 2026 | M214: 46045 | N214: Setoran Simpanan
B215: 214 | C215: Sugiarto | D215: =VLOOKUP(C215,'Master Anggota'!$E$2:$J$678,2,0) -> Aktif | G215: =VLOOKUP(C215,'Master Anggota'!$E$2:$J$678,5,0) -> 00293 | H215: 0 | I215: 0 | J215: 100000 | K215: 100000 | L215: 01. Jan 2026 | M215: 46045 | N215: Setoran Simpanan
... B393: 392 | C393: Tiolenta Martiana | D393: =VLOOKUP(C393,'Master Anggota'!$E$2:$J$678,2,0) -> Aktif | G393: =VLOOKUP(C393,'Master Anggota'!$E$2:$J$678,5,0) -> 00564 | H393: 0 | I393: 0 | J393: 0 | K393: -1500000 | L393: 00. Saldo Akhir 2025 | M393: 46021 | N393: Pengambilan Manasuka
C394: Erina Fitriani | D394: =VLOOKUP(C394,'Master Anggota'!$E$2:$J$678,2,0) -> Aktif | G394: =VLOOKUP(C394,'Master Anggota'!$E$2:$J$678,5,0) -> Koka | H394: 0 | I394: 0 | J394: 100000 | K394: 100000 | L394: 00. Saldo Akhir 2025 | M394: Saldo Awal | N394: Koreksi Saldo Awal
B395: 393 | C395: Erina Fitriani | D395: =VLOOKUP(C395,'Master Anggota'!$E$2:$J$678,2,0) -> Aktif | G395: =VLOOKUP(C395,'Master Anggota'!$E$2:$J$678,5,0) -> Koka | H395: 0 | I395: 0 | J395: 100000 | K395: 100000 | L395: 01. Jan 2026 | M395: 46052 | N395: Setoran Simpanan
B396: 394 | C396: Indra Jaya Nugraha Putra | D396: =VLOOKUP(C396,'Master Anggota'!$E$2:$J$678,2,0) -> Purna Bakti 2026 | G396: =VLOOKUP(C396,'Master Anggota'!$E$2:$J$678,5,0) -> 00571 | H396: 0 | I396: 0 | J396: 0 | K396: -650000 | L396: 01. Jan 2026 | M396: 46055 | N396: Pengambilan Manasuka
B397: 395 | C397: Herda | D397: =VLOOKUP(C397,'Master Anggota'!$E$2:$J$678,2,0) -> Aktif | G397: =VLOOKUP(C397,'Master Anggota'!$E$2:$J$678,5,0) -> 00578 | H397: 0 | I397: 0 | J397: 0 | K397: -3000000 | L397: 02. Feb 2026 | M397: 46064 | N397: Pengambilan Manasuka
B398: 396 | C398: Ari Wibowo - 00579 | D398: =VLOOKUP(C398,'Master Anggota'!$E$2:$J$678,2,0) -> Aktif | G398: =VLOOKUP(C398,'Master Anggota'!$E$2:$J$678,5,0) -> 00579 | H398: 0 | I398: 0 | J398: 0 | K398: -2500000 | L398: 01. Jan 2026 | M398: 46064 | N398: Pengambilan Manasuka
B399: 397 | C399: Margono QQ Rista - 00281 | D399: =VLOOKUP(C399,'Master Anggota'!$E$2:$J$678,2,0) -> Purna Bakti 2026 | G399: =VLOOKUP(C399,'Master Anggota'!$E$2:$J$678,5,0) -> 00281 | H399: 0 | I399: -2995908 | J399: -11498737 | K399: -5225000 | L399: 02. Feb 2026 | M399: 46066 | N399: Pensiun / Keluar Dari Koperasi
B400: 398 | C400: Yadi Supriyadi (Diver) | D400: =VLOOKUP(C400,'Master Anggota'!$E$2:$J$678,2,0) -> Aktif | G400: =VLOOKUP(C400,'Master Anggota'!$E$2:$J$678,5,0) -> PHL | H400: 0 | I400: 0 | J400: 100000 | K400: 200000 | L400: 01. Jan 2026 | M400: 46056 | N400: Setoran Simpanan
B401: 399 | C401: Nowo Susiyanto | D401: =VLOOKUP(C401,'Master Anggota'!$E$2:$J$678,2,0) -> Aktif | G401: =VLOOKUP(C401,'Master Anggota'!$E$2:$J$678,5,0) -> 00311 | H401: 0 | I401: 0 | J401: 0 | K401: -2000000 | L401: 01. Jan 2026 | M401: 46030 | N401: Pengambilan Manasuka
B402: 400 | C402: Muhammad Dzil Ikram Jani | D402: =VLOOKUP(C402,'Master Anggota'!$E$2:$J$678,2,0) -> Aktif | G402: =VLOOKUP(C402,'Master Anggota'!$E$2:$J$678,5,0) -> 00521 | H402: 0 | I402: 0 | J402: 0 | K402: -3600000 | L402: 01. Jan 2026 | M402: 46048 | N402: Pengambilan Manasuka
B403: 401 | C403: Sugiarto | D403: =VLOOKUP(C403,'Master Anggota'!$E$2:$J$678,2,0) -> Aktif | G403: =VLOOKUP(C403,'Master Anggota'!$E$2:$J$678,5,0) -> 00293 | H403: 0 | I403: 0 | J403: 0 | K403: -1000000 | L403: 01. Jan 2026 | M403: 46030 | N403: Pengambilan Manasuka
B404: 402 | C404: Minan Khusnaeni | D404: =VLOOKUP(C404,'Master Anggota'!$E$2:$J$678,2,0) -> Aktif | G404: =VLOOKUP(C404,'Master Anggota'!$E$2:$J$678,5,0) -> 00401 | H404: 0 | I404: 0 | J404: 0 | K404: -6000000 | L404: 01. Jan 2026 | M404: 46030 | N404: Pengambilan Manasuka
B405: 403 | C405: Keren | D405: =VLOOKUP(C405,'Master Anggota'!$E$2:$J$678,2,0) -> Aktif | G405: =VLOOKUP(C405,'Master Anggota'!$E$2:$J$678,5,0) -> 00570 | H405: 0 | I405: 0 | J405: 0 | K405: -3300000 | L405: 01. Jan 2026 | M405: 46024 | N405: Setoran Simpanan
B406: 404 | C406: Ketut Wijaya | D406: =VLOOKUP(C406,'Master Anggota'!$E$2:$J$678,2,0) -> Aktif | G406: =VLOOKUP(C406,'Master Anggota'!$E$2:$J$678,5,0) -> 00514 | H406: 0 | I406: 0 | J406: 0 | K406: -2500000 | L406: 01. Jan 2026 | M406: 46036 | N406: Pengambilan Manasuka
... B759: 757 | C759: ROBERT LAKBURLAWAI | D759: =VLOOKUP(C759,'Master Anggota'!$E$2:$J$678,2,0) -> Aktif | G759: =VLOOKUP(C759,'Master Anggota'!$E$2:$J$678,5,0) -> PHL | H759: 0 | I759: 0 | J759: 100000 | K759: 200000 | L759: 03. Mar 2026 | M759: 46106 | N759: Setoran Simpanan
C760: Andika | D760: =VLOOKUP(C760,'Master Anggota'!$E$2:$J$678,2,0) -> Aktif | G760: =VLOOKUP(C760,'Master Anggota'!$E$2:$J$678,5,0) -> PHL KJP | H760: 0 | I760: 0 | J760: 100000 | K760: 150000 | L760: 02. Feb 2026 | M760: 46081 | N760: Setoran Simpanan
C761: Anisa Juniyanti | D761: =VLOOKUP(C761,'Master Anggota'!$E$2:$J$678,2,0) -> Aktif | G761: =VLOOKUP(C761,'Master Anggota'!$E$2:$J$678,5,0) -> PHL KJP | H761: 0 | I761: 0 | J761: 100000 | K761: 150000 | L761: 02. Feb 2026 | M761: 46081 | N761: Setoran Simpanan
C762: Dede Slamet Supriyanto | D762: =VLOOKUP(C762,'Master Anggota'!$E$2:$J$678,2,0) -> Aktif | G762: =VLOOKUP(C762,'Master Anggota'!$E$2:$J$678,5,0) -> PHL KJP | H762: 0 | I762: 0 | J762: 100000 | K762: 150000 | L762: 02. Feb 2026 | M762: 46081 | N762: Setoran Simpanan
C763: Bagus Iqbal Juardi | D763: =VLOOKUP(C763,'Master Anggota'!$E$2:$J$678,2,0) -> Aktif | G763: =VLOOKUP(C763,'Master Anggota'!$E$2:$J$678,5,0) -> PHL Distribusi | H763: 0 | I763: 0 | J763: 100000 | K763: 100000 | L763: 02. Feb 2026 | M763: 46081 | N763: Setoran Simpanan
C764: Rafli Baihaqqi Rianto | D764: =VLOOKUP(C764,'Master Anggota'!$E$2:$J$678,2,0) -> Aktif | G764: =VLOOKUP(C764,'Master Anggota'!$E$2:$J$678,5,0) -> PHL Distribusi | H764: 0 | I764: 0 | J764: 100000 | K764: 1000000 | L764: 02. Feb 2026 | M764: 46081 | N764: Setoran Simpanan
C765: Achmad Ikang Zulkarnain | D765: =VLOOKUP(C765,'Master Anggota'!$E$2:$J$678,2,0) -> Aktif | G765: =VLOOKUP(C765,'Master Anggota'!$E$2:$J$678,5,0) -> PHL Distribusi | H765: 0 | I765: 0 | J765: 100000 | K765: 150000 | L765: 02. Feb 2026 | M765: 46081 | N765: Setoran Simpanan
C766: Puniko | D766: =VLOOKUP(C766,'Master Anggota'!$E$2:$J$678,2,0) -> Aktif | G766: =VLOOKUP(C766,'Master Anggota'!$E$2:$J$678,5,0) -> PHL Distribusi | H766: 0 | I766: 0 | J766: 100000 | K766: 100000 | L766: 02. Feb 2026 | M766: 46081 | N766: Setoran Simpanan
C767: Suryadi | D767: =VLOOKUP(C767,'Master Anggota'!$E$2:$J$678,2,0) -> Aktif | G767: =VLOOKUP(C767,'Master Anggota'!$E$2:$J$678,5,0) -> PHL Distribusi | H767: 0 | I767: 0 | J767: 100000 | K767: 50000 | L767: 02. Feb 2026 | M767: 46081 | N767: Setoran Simpanan
C768: Ahmad Gopur | D768: =VLOOKUP(C768,'Master Anggota'!$E$2:$J$678,2,0) -> Aktif | G768: =VLOOKUP(C768,'Master Anggota'!$E$2:$J$678,5,0) -> PHL Distribusi | H768: 0 | I768: 0 | J768: 100000 | K768: 100000 | L768: 02. Feb 2026 | M768: 46081 | N768: Setoran Simpanan
C769: Ahmad Gopur | D769: =VLOOKUP(C769,'Master Anggota'!$E$2:$J$678,2,0) -> Aktif | G769: =VLOOKUP(C769,'Master Anggota'!$E$2:$J$678,5,0) -> PHL Distribusi | H769: 0 | I769: 0 | J769: 100000 | K769: 100000 | L769: 03. Mar 2026 | M769: 46112 | N769: Setoran Simpanan
C770: Andika | D770: =VLOOKUP(C770,'Master Anggota'!$E$2:$J$678,2,0) -> Aktif | G770: =VLOOKUP(C770,'Master Anggota'!$E$2:$J$678,5,0) -> PHL KJP | H770: 0 | I770: 0 | J770: 100000 | K770: 150000 | L770: 03. Mar 2026 | M770: 46112 | N770: Setoran Simpanan
C771: Anisa Juniyanti | D771: =VLOOKUP(C771,'Master Anggota'!$E$2:$J$678,2,0) -> Aktif | G771: =VLOOKUP(C771,'Master Anggota'!$E$2:$J$678,5,0) -> PHL KJP | H771: 0 | I771: 0 | J771: 100000 | K771: 150000 | L771: 03. Mar 2026 | M771: 46112 | N771: Setoran Simpanan
... C955: ROBERT LAKBURLAWAI | D955: =VLOOKUP(C955,'Master Anggota'!$E$2:$J$678,2,0) -> Aktif | G955: =VLOOKUP(C955,'Master Anggota'!$E$2:$J$678,5,0) -> PHL | H955: 0 | I955: 0 | J955: 0 | K955: -1000000 | L955: 04. Apr 2026 | M955: 46141 | N955: Pengambilan Manasuka
C956: Eddy Sukaryan | D956: =VLOOKUP(C956,'Master Anggota'!$E$2:$J$678,2,0) -> Aktif | G956: =VLOOKUP(C956,'Master Anggota'!$E$2:$J$678,5,0) -> 00327 | H956: 0 | I956: 0 | J956: 0 | K956: =-3000000*0 -> 0 | L956: 05. Mei 2026 | M956: 46148 | N956: Ditolak Pengajuannya
C957: Sutiwan | D957: =VLOOKUP(C957,'Master Anggota'!$E$2:$J$678,2,0) -> Purna Bakti 2025 | G957: =VLOOKUP(C957,'Master Anggota'!$E$2:$J$678,5,0) -> 00259 | H957: 0 | I957: -12022343 | J957: -36085756 | K957: -4021000 | L957: 00. Saldo Akhir 2025 | M957: Saldo Awal | N957: Koreksi
C958: Ardiansyah | D958: =VLOOKUP(C958,'Master Anggota'!$E$2:$J$678,2,0) -> Purna Bakti 2026 | G958: =VLOOKUP(C958,'Master Anggota'!$E$2:$J$678,5,0) -> 00345 | H958: 0 | I958: -19495094 | J958: -17329845 | K958: -14899000 | L958: 03. Mar 2026 | M958: Pensiun | N958: Pensiun / Keluar Dari Koperasi
C959: Jaka Darsono, SE. | D959: =VLOOKUP(C959,'Master Anggota'!$E$2:$J$678,2,0) -> Purna Bakti 2026 | G959: =VLOOKUP(C959,'Master Anggota'!$E$2:$J$678,5,0) -> 00360 | H959: 0 | I959: 0 | J959: -25000000 | K959: 0 | L959: 03. Mar 2026 | M959: 46084 | N959: Pengambilan Manasuka
C960: Sri Hartoyo | D960: =VLOOKUP(C960,'Master Anggota'!$E$2:$J$678,2,0) -> Purna Bakti 2026 | G960: =VLOOKUP(C960,'Master Anggota'!$E$2:$J$678,5,0) -> 00288 | H960: 0 | I960: -7558590 | J960: -17764595 | K960: -2821000 | L960: 04. Apr 2026 | M960: 46127 | N960: Setoran Simpanan
C961: Tatang | D961: =VLOOKUP(C961,'Master Anggota'!$E$2:$J$678,2,0) -> Purna Bakti 2026 | G961: =VLOOKUP(C961,'Master Anggota'!$E$2:$J$678,5,0) -> Nasabah | H961: 0 | I961: 0 | J961: 100000 | K961: 100000 | L961: 04. Apr 2026 | M961: 46142 | N961: Setoran Simpanan
C962: Fitriya Hariyani | D962: =VLOOKUP(C962,'Master Anggota'!$E$2:$J$678,2,0) -> Aktif | G962: =VLOOKUP(C962,'Master Anggota'!$E$2:$J$678,5,0) -> Nasabah | H962: 0 | I962: 0 | J962: 100000 | K962: 400000 | L962: 03. Mar 2026 | M962: 46126 | N962: Setoran Simpanan
C963: Erina Fitriani | D963: =VLOOKUP(C963,'Master Anggota'!$E$2:$J$678,2,0) -> Aktif | G963: =VLOOKUP(C963,'Master Anggota'!$E$2:$J$678,5,0) -> Koka | H963: 0 | I963: 0 | J963: 100000 | K963: 100000 | L963: 04. Apr 2026 | M963: 46142 | N963: Setoran Simpanan
C964: Yadi Supriyadi (Diver) | D964: =VLOOKUP(C964,'Master Anggota'!$E$2:$J$678,2,0) -> Aktif | G964: =VLOOKUP(C964,'Master Anggota'!$E$2:$J$678,5,0) -> PHL | H964: 0 | I964: 0 | J964: 100000 | K964: 200000 | L964: 04. Apr 2026 | M964: 46142 | N964: Setoran Simpanan
C965: Allan Louby Van Houten | D965: =VLOOKUP(C965,'Master Anggota'!$E$2:$J$678,2,0) -> Purna Bakti 2026 | G965: =VLOOKUP(C965,'Master Anggota'!$E$2:$J$678,5,0) -> 00607 | H965: 0 | I965: -1139362 | J965: -3000000 | K965: -4500000 | L965: 05. Mei 2026 | M965: 46150 | N965: Pensiun / Keluar Dari Koperasi
C966: Rian Alandy | D966: =VLOOKUP(C966,'Master Anggota'!$E$2:$J$678,2,0) -> Purna Bakti 2026 | G966: =VLOOKUP(C966,'Master Anggota'!$E$2:$J$678,5,0) -> 01608 | H966: 0 | I966: -126757 | J966: -1800000 | K966: -2700000 | L966: 05. Mei 2026 | M966: 46150 | N966: Pensiun / Keluar Dari Koperasi
C967: Didi Tarmudi | D967: =VLOOKUP(C967,'Master Anggota'!$E$2:$J$678,2,0) -> Purna Bakti 2025 | G967: =VLOOKUP(C967,'Master Anggota'!$E$2:$J$678,5,0) -> 00380 | H967: 0 | I967: -8361372 | J967: -16267444 | K967: -6655000 | L967: 00. Saldo Akhir 2025 | M967: Saldo Awal | N967: Koreksi
C968: Sapari Jumawan | D968: =VLOOKUP(C968,'Master Anggota'!$E$2:$J$678,2,0) -> Purna Bakti 2025 | G968: =VLOOKUP(C968,'Master Anggota'!$E$2:$J$678,5,0) -> 00392 | H968: 0 | I968: -4876583 | J968: -16940561 | K968: 16823061 | L968: 00. Saldo Akhir 2025 | M968: Saldo Awal | N968: Koreksi
C969: Jais Hartono | D969: =VLOOKUP(C969,'Master Anggota'!$E$2:$J$678,2,0) -> PHL | G969: =VLOOKUP(C969,'Master Anggota'!$E$2:$J$678,5,0) -> 01535 | H969: 0 | I969: 0 | J969: 0 | K969: 0 | L969: 00. Saldo Akhir 2025 | M969: Saldo Awal | N969: Koreksi
C970: Margono - 00281 | D970: =VLOOKUP(C970,'Master Anggota'!$E$2:$J$678,2,0) -> Aktif | G970: =VLOOKUP(C970,'Master Anggota'!$E$2:$J$678,5,0) -> 00281 | H970: 0 | I970: 0 | J970: 100000 | K970: 400000 | L970: 05. Mei 2026 | M970: 46167 | N970: Setoran Simpanan
C971: Sugiarto | D971: =VLOOKUP(C971,'Master Anggota'!$E$2:$J$678,2,0) -> Aktif | G971: =VLOOKUP(C971,'Master Anggota'!$E$2:$J$678,5,0) -> 00293 | H971: 0 | I971: 0 | J971: 100000 | K971: 100000 | L971: 05. Mei 2026 | M971: 46167 | N971: Setoran Simpanan
C972: Sigit Hartanto | D972: =VLOOKUP(C972,'Master Anggota'!$E$2:$J$678,2,0) -> Aktif | G972: =VLOOKUP(C972,'Master Anggota'!$E$2:$J$678,5,0) -> 00302 | H972: 0 | I972: 0 | J972: 100000 | K972: 10000 | L972: 05. Mei 2026 | M972: 46167 | N972: Setoran Simpanan
C973: Nowo Susiyanto | D973: =VLOOKUP(C973,'Master Anggota'!$E$2:$J$678,2,0) -> Aktif | G973: =VLOOKUP(C973,'Master Anggota'!$E$2:$J$678,5,0) -> 00311 | H973: 0 | I973: 0 | J973: 150000 | K973: 25000 | L973: 05. Mei 2026 | M973: 46167 | N973: Setoran Simpanan
C974: Rahmat Zaeni | D974: =VLOOKUP(C974,'Master Anggota'!$E$2:$J$678,2,0) -> Aktif | G974: =VLOOKUP(C974,'Master Anggota'!$E$2:$J$678,5,0) -> 00317 | H974: 0 | I974: 0 | J974: 100000 | K974: 15000 | L974: 05. Mei 2026 | M974: 46167 | N974: Setoran Simpanan
C975: Heru Purboyo | D975: =VLOOKUP(C975,'Master Anggota'!$E$2:$J$678,2,0) -> Aktif | G975: =VLOOKUP(C975,'Master Anggota'!$E$2:$J$678,5,0) -> 00322 | H975: 0 | I975: 0 | J975: 100000 | K975: 100000 | L975: 05. Mei 2026 | M975: 46167 | N975: Setoran Simpanan
C976: Dadi Muhamad Mulyadi | D976: =VLOOKUP(C976,'Master Anggota'!$E$2:$J$678,2,0) -> Aktif | G976: =VLOOKUP(C976,'Master Anggota'!$E$2:$J$678,5,0) -> 00325 | H976: 0 | I976: 0 | J976: 100000 | K976: 75000 | L976: 05. Mei 2026 | M976: 46167 | N976: Setoran Simpanan
C977: Eddy Sukaryan | D977: =VLOOKUP(C977,'Master Anggota'!$E$2:$J$678,2,0) -> Aktif | G977: =VLOOKUP(C977,'Master Anggota'!$E$2:$J$678,5,0) -> 00327 | H977: 0 | I977: 0 | J977: 100000 | K977: 200000 | L977: 05. Mei 2026 | M977: 46167 | N977: Setoran Simpanan
C978: I Made Mustada | D978: =VLOOKUP(C978,'Master Anggota'!$E$2:$J$678,2,0) -> Aktif | G978: =VLOOKUP(C978,'Master Anggota'!$E$2:$J$678,5,0) -> 00328 | H978: 0 | I978: 0 | J978: 100000 | K978: 250000 | L978: 05. Mei 2026 | M978: 46167 | N978: Setoran Simpanan
C979: Turut | D979: =VLOOKUP(C979,'Master Anggota'!$E$2:$J$678,2,0) -> Aktif | G979: =VLOOKUP(C979,'Master Anggota'!$E$2:$J$678,5,0) -> 00334 | H979: 0 | I979: 0 | J979: 100000 | K979: 10000 | L979: 05. Mei 2026 | M979: 46167 | N979: Setoran Simpanan
C980: Slamet | D980: =VLOOKUP(C980,'Master Anggota'!$E$2:$J$678,2,0) -> Aktif | G980: =VLOOKUP(C980,'Master Anggota'!$E$2:$J$678,5,0) -> 00337 | H980: 0 | I980: 0 | J980: 100000 | K980: 50000 | L980: 05. Mei 2026 | M980: 46167 | N980: Setoran Simpanan
C981: Rohaedi | D981: =VLOOKUP(C981,'Master Anggota'!$E$2:$J$678,2,0) -> Aktif | G981: =VLOOKUP(C981,'Master Anggota'!$E$2:$J$678,5,0) -> 00339 | H981: 0 | I981: 0 | J981: 100000 | K981: 50000 | L981: 05. Mei 2026 | M981: 46167 | N981: Setoran Simpanan
... C1741: Riana Merry Natalia QQ Lasman | D1741: =VLOOKUP(C1741,'Master Anggota'!$E$2:$J$678,2,0) -> Aktif | G1741: =VLOOKUP(C1741,'Master Anggota'!$E$2:$J$678,5,0) -> 00497 | H1741: 0 | I1741: 0 | J1741: 0 | K1741: -4000000 | L1741: 09. Sep 2026 | M1741: 46267 | N1741: Pengambilan Manasuka

Sheet Pivo Pinjaman
A2: Npp | B2: (All)
A4: Sum of Nilai | C4: Metod
A5: Nama | B5: Tanggal | C5: 0. Sisa Pinjaman 2025 | D5: 1. Pokok Pinjaman | E5: 2. Jasa Admin | F5: 3. Cicilan | G5: Grand Total
A6: Bayu Adithya Permana | B6: 46022 | C6: 93450000 | G6: 93450000
B7: 46045 | D7: 93000000 | E7: 25400000 | F7: -93450000 | G7: 24950000
B8: 46078 | F8: -5920000 | G8: -5920000
B9: 46106 | F9: -5920000 | G9: -5920000
B10: 46136 | F10: -5920000 | G10: -5920000
B11: 46167 | F11: -5920000 | G11: -5920000
B12: 46198 | F12: -5920000 | G12: -5920000
B13: 46227 | F13: -5920000 | G13: -5920000
B14: 46258 | F14: -5920000 | G14: -5920000
A15: Bayu Adithya Permana Total | C15: 93450000 | D15: 93000000 | E15: 25400000 | F15: -134890000 | G15: 76960000
A17: Grand Total | C17: 93450000 | D17: 93000000 | E17: 25400000 | F17: -134890000 | G17: 76960000

Sheet Detail Pinjaman
A3: No | B3: Nama | C3: Npp | D3: Tanggal | E3: Nilai | F3: Metod | G3: D | H3: K | I3: Mulai | J3: Terakhir | K3: Cicilan
A4: 1 | B4: Abdul Cahyo Nugroho | C4: =VLOOKUP(B4,'Master Anggota'!$E$2:$I$279,5,0) -> 00553 | D4: 46022 | E4: 6600000 | F4: 0. Sisa Pinjaman 2025 | H4: Dipotong mulai jan 2026 sebanyak 10x | I4: 46047 | J4: 46320 | K4: 660000
A5: 2 | B5: Ade Kurnia | C5: =VLOOKUP(B5,'Master Anggota'!$E$2:$I$279,5,0) -> 01651 | D5: 46022 | E5: 880000 | F5: 0. Sisa Pinjaman 2025
A6: 3 | B6: Agung Pambudi | C6: =VLOOKUP(B6,'Master Anggota'!$E$2:$I$279,5,0) -> 00535 | D6: 46022 | E6: 6570667 | F6: 0. Sisa Pinjaman 2025
A7: 4 | B7: Agus Tomi | C7: =VLOOKUP(B7,'Master Anggota'!$E$2:$I$279,5,0) -> 01740 | D7: 46022 | E7: 0 | F7: 0. Sisa Pinjaman 2025
A8: 5 | B8: Agus Tomi - Nasabah | C8: =VLOOKUP(B8,'Master Anggota'!$E$2:$I$279,5,0) -> Nasabah | D8: 46022 | E8: 1862000 | F8: 0. Sisa Pinjaman 2025
A9: 6 | B9: Ahmad Fauzi - 01743 | C9: =VLOOKUP(B9,'Master Anggota'!$E$2:$I$279,5,0) -> 01743 | D9: 46022 | E9: 0 | F9: 0. Sisa Pinjaman 2025
A10: 7 | B10: Ahmad Jamaludin | C10: =VLOOKUP(B10,'Master Anggota'!$E$2:$I$279,5,0) -> 00369 | D10: 46022 | E10: 12687500 | F10: 0. Sisa Pinjaman 2025
A11: 8 | B11: Ahmat Saifudin | C11: =VLOOKUP(B11,'Master Anggota'!$E$2:$I$279,5,0) -> 01665 | D11: 46022 | E11: 917140 | F11: 0. Sisa Pinjaman 2025
A12: 9 | B12: Alfian Noor | C12: =VLOOKUP(B12,'Master Anggota'!$E$2:$I$279,5,0) -> 00552 | D12: 46022 | E12: 105800000 | F12: 0. Sisa Pinjaman 2025
A13: 10 | B13: Allan Louby Van Houten | C13: =VLOOKUP(B13,'Master Anggota'!$E$2:$I$279,5,0) -> 00607 | D13: 46022 | E13: =15010000-1060000 -> 13950000 | F13: 0. Sisa Pinjaman 2025
A14: 11 | B14: Amir Suroto | C14: =VLOOKUP(B14,'Master Anggota'!$E$2:$I$279,5,0) -> 01302 | D14: 46022 | E14: 19800000 | F14: 0. Sisa Pinjaman 2025
A15: 12 | B15: Amrun Maruf Effendi | C15: =VLOOKUP(B15,'Master Anggota'!$E$2:$I$279,5,0) -> 00315 | D15: 46022 | E15: 0 | F15: 0. Sisa Pinjaman 2025
A16: 13 | B16: Andri Kurniawan | C16: =VLOOKUP(B16,'Master Anggota'!$E$2:$I$279,5,0) -> 00576 | D16: 46022 | E16: 33450002 | F16: 0. Sisa Pinjaman 2025
A17: 14 | B17: Andrian Fadly | C17: =VLOOKUP(B17,'Master Anggota'!$E$2:$I$279,5,0) -> 00546 | D17: 46022 | E17: 29925000 | F17: 0. Sisa Pinjaman 2025
A18: 15 | B18: Anton Efendi | C18: =VLOOKUP(B18,'Master Anggota'!$E$2:$I$279,5,0) -> 00614 | D18: 46022 | E18: 14466668 | F18: 0. Sisa Pinjaman 2025
A19: 16 | B19: Ardiansyah | C19: =VLOOKUP(B19,'Master Anggota'!$E$2:$I$279,5,0) -> 00345 | D19: 46022 | E19: 88666664 | F19: 0. Sisa Pinjaman 2025
A20: 17 | B20: Ari Wibowo - 00533 | C20: =VLOOKUP(B20,'Master Anggota'!$E$2:$I$279,5,0) -> 00533 | D20: 46022 | E20: 62225000 | F20: 0. Sisa Pinjaman 2025
A21: 18 | B21: ari Wibowo - 00579 | C21: =VLOOKUP(B21,'Master Anggota'!$E$2:$I$279,5,0) -> 00579 | D21: 46022 | E21: 7665000 | F21: 0. Sisa Pinjaman 2025
A22: 19 | B22: Arief Indrawan | C22: =VLOOKUP(B22,'Master Anggota'!$E$2:$I$279,5,0) -> 00577 | D22: 46022 | E22: 37376667 | F22: 0. Sisa Pinjaman 2025
A23: 20 | B23: Arsim | C23: =VLOOKUP(B23,'Master Anggota'!$E$2:$I$279,5,0) -> 00566 | D23: 46022 | E23: 0 | F23: 0. Sisa Pinjaman 2025
A24: 21 | B24: Asta | C24: =VLOOKUP(B24,'Master Anggota'!$E$2:$I$279,5,0) -> 01720 | D24: 46022 | E24: =4420000+360000 -> 4780000 | F24: 0. Sisa Pinjaman 2025
A25: 22 | B25: Bayu Adithya Permana | C25: =VLOOKUP(B25,'Master Anggota'!$E$2:$I$279,5,0) -> 00498 | D25: 46022 | E25: 93450000 | F25: 0. Sisa Pinjaman 2025
A26: 23 | B26: Clarissa Dini | C26: =VLOOKUP(B26,'Master Anggota'!$E$2:$I$279,5,0) -> 00610 | D26: 46022 | E26: 0 | F26: 0. Sisa Pinjaman 2025
A27: 24 | B27: Dadi Muhamad Mulyadi | C27: =VLOOKUP(B27,'Master Anggota'!$E$2:$I$279,5,0) -> 00325 | D27: 46022 | E27: 0 | F27: 0. Sisa Pinjaman 2025
A28: 25 | B28: Darsim | C28: =VLOOKUP(B28,'Master Anggota'!$E$2:$I$279,5,0) -> PHL | D28: 46022 | E28: 9800000 | F28: 0. Sisa Pinjaman 2025
A29: 26 | B29: Dedy Kurniawan | C29: =VLOOKUP(B29,'Master Anggota'!$E$2:$I$279,5,0) -> 00540 | D29: 46022 | E29: 9300000 | F29: 0. Sisa Pinjaman 2025
A30: 27 | B30: Deri Hendriawan | C30: =VLOOKUP(B30,'Master Anggota'!$E$2:$I$279,5,0) -> 01532 | D30: 46022 | E30: 0 | F30: 0. Sisa Pinjaman 2025
A31: 28 | B31: Didi Rahmat | C31: =VLOOKUP(B31,'Master Anggota'!$E$2:$I$279,5,0) -> 00591 | D31: 46022 | E31: 31591669 | F31: 0. Sisa Pinjaman 2025
A32: 29 | B32: Didi Tarmudi | C32: =VLOOKUP(B32,'Master Anggota'!$E$2:$I$279,5,0) -> 00380 | D32: 46022 | E32: 0 | F32: 0. Sisa Pinjaman 2025
A33: 30 | B33: Eddy Sukaryan | C33: =VLOOKUP(B33,'Master Anggota'!$E$2:$I$279,5,0) -> 00327 | D33: 46022 | E33: 129816758 | F33: 0. Sisa Pinjaman 2025
A34: 31 | B34: Eka Yanuar Santosa | C34: =VLOOKUP(B34,'Master Anggota'!$E$2:$I$279,5,0) -> 00490 | D34: 46022 | E34: 11000000 | F34: 0. Sisa Pinjaman 2025
A35: 32 | B35: Eko Junaidi | C35: =VLOOKUP(B35,'Master Anggota'!$E$2:$I$279,5,0) -> 00520 | D35: 46022 | E35: 16500000 | F35: 0. Sisa Pinjaman 2025
A36: 33 | B36: Erfan Faulana | C36: =VLOOKUP(B36,'Master Anggota'!$E$2:$I$279,5,0) -> 01730 | D36: 46022 | E36: 1890000 | F36: 0. Sisa Pinjaman 2025
... A52: 49 | B52: Heru Sri Margono | C52: =VLOOKUP(B52,'Master Anggota'!$E$2:$I$279,5,0) -> 00547 | D52: 46022 | E52: 54471667 | F52: 0. Sisa Pinjaman 2025
A53: 50 | B53: Hesby Aga Ardila Nugroho | C53: =VLOOKUP(B53,'Master Anggota'!$E$2:$I$279,5,0) -> 01561 | D53: 46022 | E53: =7350001-200001 -> 7150000 | F53: 0. Sisa Pinjaman 2025
A54: 51 | B54: I Gede mustika | C54: =VLOOKUP(B54,'Master Anggota'!$E$2:$I$279,5,0) -> 00525 | D54: 46022 | E54: 76628333 | F54: 0. Sisa Pinjaman 2025
A55: 52 | B55: I Made Mustada | C55: =VLOOKUP(B55,'Master Anggota'!$E$2:$I$279,5,0) -> 00328 | D55: 46022 | E55: 13650000 | F55: 0. Sisa Pinjaman 2025
A56: 53 | B56: Idris Rusmianto | C56: =VLOOKUP(B56,'Master Anggota'!$E$2:$I$279,5,0) -> 00529 | D56: 46022 | E56: 12146672 | F56: 0. Sisa Pinjaman 2025
A57: 54 | B57: Indra Jaya Nugraha Putra | C57: =VLOOKUP(B57,'Master Anggota'!$E$2:$I$279,5,0) -> 00571 | D57: 46022 | E57: 0 | F57: 0. Sisa Pinjaman 2025
A58: 55 | B58: Indra Suwanda | C58: =VLOOKUP(B58,'Master Anggota'!$E$2:$I$279,5,0) -> 00554 | D58: 46022 | E58: 3180000 | F58: 0. Sisa Pinjaman 2025
A59: 56 | B59: Indri Widyawati | C59: =VLOOKUP(B59,'Master Anggota'!$E$2:$I$279,5,0) -> 01727 | D59: 46022 | E59: =520000*0 -> 0 | F59: 0. Sisa Pinjaman 2025 | H59: Sudah bukan Anggota koperasi lagi, hak dan kewajiban sudah diserahkan
A60: 57 | B60: Ir. Djoko Maryono | C60: =VLOOKUP(B60,'Master Anggota'!$E$2:$I$279,5,0) -> 00363 | D60: 46022 | E60: 58900000 | F60: 0. Sisa Pinjaman 2025
A61: 58 | B61: Ir. Okto Hendri Fahlefi | C61: =VLOOKUP(B61,'Master Anggota'!$E$2:$I$279,5,0) -> 00396 | D61: 46022 | E61: 31325000 | F61: 0. Sisa Pinjaman 2025
A62: 59 | B62: Iskandar Sulestiyanto | C62: =VLOOKUP(B62,'Master Anggota'!$E$2:$I$279,5,0) -> 01601 | D62: 46022 | E62: 0 | F62: 0. Sisa Pinjaman 2025
A63: 60 | B63: Ismail | C63: =VLOOKUP(B63,'Master Anggota'!$E$2:$I$279,5,0) -> 00387 | D63: 46022 | E63: 52889440 | F63: 0. Sisa Pinjaman 2025
A64: 61 | B64: Iwan Setiawan | C64: =VLOOKUP(B64,'Master Anggota'!$E$2:$I$279,5,0) -> 00508 | D64: 46022 | E64: 65000000 | F64: 0. Sisa Pinjaman 2025
A65: 62 | B65: Jafar Dwiyanto | C65: =VLOOKUP(B65,'Master Anggota'!$E$2:$I$279,5,0) -> 01541 | D65: 46022 | E65: 11959092 | F65: 0. Sisa Pinjaman 2025
A66: 63 | B66: Jaimin | C66: =VLOOKUP(B66,'Master Anggota'!$E$2:$I$279,5,0) -> PHL | D66: 46022 | E66: 6160000 | F66: 0. Sisa Pinjaman 2025
A67: 64 | B67: Jamsari | C67: =VLOOKUP(B67,'Master Anggota'!$E$2:$I$279,5,0) -> 00371 | D67: 46022 | E67: 83055000 | F67: 0. Sisa Pinjaman 2025
A68: 65 | B68: Jumadi | C68: =VLOOKUP(B68,'Master Anggota'!$E$2:$I$279,5,0) -> 00351 | D68: 46022 | E68: 32550000 | F68: 0. Sisa Pinjaman 2025
A69: 66 | B69: Kadek Sudarsana | C69: =VLOOKUP(B69,'Master Anggota'!$E$2:$I$279,5,0) -> 01511 | D69: 46022 | E69: 11760000 | F69: 0. Sisa Pinjaman 2025
A70: 67 | B70: Kadelis / Udin / Wati | C70: =VLOOKUP(B70,'Master Anggota'!$E$2:$I$279,5,0) -> Nasabah | D70: 46022 | E70: 0 | F70: 0. Sisa Pinjaman 2025
A71: 68 | B71: Keren | C71: =VLOOKUP(B71,'Master Anggota'!$E$2:$I$279,5,0) -> 00570 | D71: 46022 | E71: 0 | F71: 0. Sisa Pinjaman 2025
... A90: 87 | B90: Putu Dharma Santika | C90: =VLOOKUP(B90,'Master Anggota'!$E$2:$I$279,5,0) -> 01560 | D90: 46022 | E90: 0 | F90: 0. Sisa Pinjaman 2025
A91: 88 | B91: Rahmat Zaeni | C91: =VLOOKUP(B91,'Master Anggota'!$E$2:$I$279,5,0) -> 00317 | D91: 46022 | E91: =24050000-450000+20000 -> 23620000 | F91: 0. Sisa Pinjaman 2025
A92: 89 | B92: Ramli | C92: =VLOOKUP(B92,'Master Anggota'!$E$2:$I$279,5,0) -> 00526 | D92: 46022 | E92: 12879998 | F92: 0. Sisa Pinjaman 2025
A93: 90 | B93: Repki Ariyanto | C93: =VLOOKUP(B93,'Master Anggota'!$E$2:$I$279,5,0) -> 00611 | D93: 46022 | E93: 7280000 | F93: 0. Sisa Pinjaman 2025
A94: 91 | B94: Riana Merry Natalia | C94: =VLOOKUP(B94,'Master Anggota'!$E$2:$I$279,5,0) -> 00497 | D94: 46022 | E94: 11200000 | F94: 0. Sisa Pinjaman 2025
A95: 92 | B95: Ridwan | C95: =VLOOKUP(B95,'Master Anggota'!$E$2:$I$279,5,0) -> 00530 | D95: 46022 | E95: 85400000 | F95: 0. Sisa Pinjaman 2025
A96: 93 | B96: Rina Oktaviani | C96: =VLOOKUP(B96,'Master Anggota'!$E$2:$I$279,5,0) -> 01728 | D96: 46022 | E96: 1222855 | F96: 0. Sisa Pinjaman 2025
A97: 94 | B97: Rio Candra | C97: =VLOOKUP(B97,'Master Anggota'!$E$2:$I$279,5,0) -> 01604 | D97: 46022 | E97: 0 | F97: 0. Sisa Pinjaman 2025
A98: 95 | B98: Rison Saeful Sobur | C98: =VLOOKUP(B98,'Master Anggota'!$E$2:$I$279,5,0) -> 00323 | D98: 46022 | E98: 0 | F98: 0. Sisa Pinjaman 2025
A99: 96 | B99: Rizki Munardi | C99: =VLOOKUP(B99,'Master Anggota'!$E$2:$I$279,5,0) -> 00532 | D99: 46022 | E99: 57516668 | F99: 0. Sisa Pinjaman 2025
A100: 97 | B100: ROBERT LAKBURLAWAI | C100: =VLOOKUP(B100,'Master Anggota'!$E$2:$I$279,5,0) -> PHL | D100: 46022 | E100: 2754999 | F100: 0. Sisa Pinjaman 2025
A101: 98 | B101: Rohaedi | C101: =VLOOKUP(B101,'Master Anggota'!$E$2:$I$279,5,0) -> 00339 | D101: 46022 | E101: 27900000 | F101: 0. Sisa Pinjaman 2025
A102: 99 | B102: Romansyah | C102: =VLOOKUP(B102,'Master Anggota'!$E$2:$I$279,5,0) -> 01754 | D102: 46022 | E102: 11000000 | F102: 0. Sisa Pinjaman 2025
A103: 100 | B103: Rudiansyah | C103: =VLOOKUP(B103,'Master Anggota'!$E$2:$I$279,5,0) -> 00569 | D103: 46022 | E103: 44115000 | F103: 0. Sisa Pinjaman 2025
... A119: 116 | B119: Suwitno | C119: =VLOOKUP(B119,'Master Anggota'!$E$2:$I$279,5,0) -> 00515 | D119: 46022 | E119: 20075000 | F119: 0. Sisa Pinjaman 2025
A120: 117 | B120: Tatang | C120: =VLOOKUP(B120,'Master Anggota'!$E$2:$I$279,5,0) -> Nasabah | D120: 46022 | E120: =480000*0 -> 0 | F120: 0. Sisa Pinjaman 2025 | H120: Koreksi tahun lalu
A121: 118 | B121: Taufiqurrahman | C121: =VLOOKUP(B121,'Master Anggota'!$E$2:$I$279,5,0) -> 00558 | D121: 46022 | E121: 25633332 | F121: 0. Sisa Pinjaman 2025
A122: 119 | B122: Tiolenta Martiana | C122: =VLOOKUP(B122,'Master Anggota'!$E$2:$I$279,5,0) -> 00564 | D122: 46022 | E122: 25833332 | F122: 0. Sisa Pinjaman 2025
A123: 120 | B123: Tirto Bayu Saputro | C123: =VLOOKUP(B123,'Master Anggota'!$E$2:$I$279,5,0) -> 00593 | D123: 46022 | E123: 1540000 | F123: 0. Sisa Pinjaman 2025
A124: 121 | B124: Toni | C124: =VLOOKUP(B124,'Master Anggota'!$E$2:$I$279,5,0) -> 00527 | D124: 46022 | E124: 37166668 | F124: 0. Sisa Pinjaman 2025
A125: 122 | B125: Tri Indriyani | C125: =VLOOKUP(B125,'Master Anggota'!$E$2:$I$279,5,0) -> 00560 | D125: 46022 | E125: 0 | F125: 0. Sisa Pinjaman 2025
A126: 123 | B126: Tri Iswahyudi | C126: =VLOOKUP(B126,'Master Anggota'!$E$2:$I$279,5,0) -> 00626 | D126: 46022 | E126: 29225000 | F126: 0. Sisa Pinjaman 2025
A127: 124 | B127: Umayah | C127: =VLOOKUP(B127,'Master Anggota'!$E$2:$I$279,5,0) -> 00362 | D127: 46022 | E127: 23871005 | F127: 0. Sisa Pinjaman 2025
A128: 125 | B128: Victor David Sambuaga | C128: =VLOOKUP(B128,'Master Anggota'!$E$2:$I$279,5,0) -> Nasabah | D128: 46022 | E128: 0 | F128: 0. Sisa Pinjaman 2025
A129: 126 | B129: Wawan Satriawan | C129: =VLOOKUP(B129,'Master Anggota'!$E$2:$I$279,5,0) -> 00548 | D129: 46022 | E129: 26966668 | F129: 0. Sisa Pinjaman 2025
A130: 127 | B130: Widi Kurnianto | C130: =VLOOKUP(B130,'Master Anggota'!$E$2:$I$279,5,0) -> 00608 | D130: 46022 | E130: 12089998 | F130: 0. Sisa Pinjaman 2025
A131: 128 | B131: Widodo | C131: =VLOOKUP(B131,'Master Anggota'!$E$2:$I$279,5,0) -> 00584 | D131: 46022 | E131: 48750002 | F131: 0. Sisa Pinjaman 2025
A132: 129 | B132: Wiyan Eko Supriyanto | C132: =VLOOKUP(B132,'Master Anggota'!$E$2:$I$279,5,0) -> 00499 | D132: 46022 | E132: 9041661 | F132: 0. Sisa Pinjaman 2025
A133: 130 | B133: Yadi Supriyadi (Diver) | C133: =VLOOKUP(B133,'Master Anggota'!$E$2:$I$279,5,0) -> PHL | D133: 46022 | E133: =525000*0 -> 0 | F133: 0. Sisa Pinjaman 2025
A134: 131 | B134: Tri Iswahyudi | C134: =VLOOKUP(B134,'Master Anggota'!$E$2:$I$279,5,0) -> 00626 | D134: 46035 | E134: 775000 | F134: 3. Cicilan | H134: Pengembalian kelebihan potong
A135: 132 | B135: Repki Ariyanto | C135: =VLOOKUP(B135,'Master Anggota'!$E$2:$I$279,5,0) -> 00611 | D135: 46034 | E135: 560000 | F135: 3. Cicilan | H135: Pengembalian kelebihan potong
A136: 133 | B136: Dedy Kurniawan | C136: =VLOOKUP(B136,'Master Anggota'!$E$2:$I$279,5,0) -> 00540 | D136: 46035 | E136: 15000000 | F136: 1. Pokok Pinjaman | H136: Dipotong mulai Maret 2026 sebanyak 24x | I136: 46078 | J136: 46777 | K136: 775000
A137: 134 | B137: Fajar Bintara | C137: =VLOOKUP(B137,'Master Anggota'!$E$2:$I$279,5,0) -> Nasabah | D137: 46035 | E137: -440000 | F137: 3. Cicilan
A138: 135 | B138: Fitriya Hariyani | C138: =VLOOKUP(B138,'Master Anggota'!$E$2:$I$279,5,0) -> Nasabah | D138: 46035 | E138: -1866666 | F138: 3. Cicilan
A139: 136 | B139: Ade Kurnia | C139: =VLOOKUP(B139,'Master Anggota'!$E$2:$I$279,5,0) -> 01651 | D139: 46038 | E139: 3000000 | F139: 1. Pokok Pinjaman | H139: approve | I139: 46078 | J139: 46351 | K139: Lunas
A140: 137 | B140: Abdul Cahyo Nugroho | C140: =VLOOKUP(B140,'Master Anggota'!$E$2:$I$279,5,0) -> 00553 | D140: 46045 | E140: -660000 | F140: 3. Cicilan
A141: 138 | B141: Ade Kurnia | C141: =VLOOKUP(B141,'Master Anggota'!$E$2:$I$279,5,0) -> 01651 | D141: 46038 | E141: 300000 | F141: 2. Jasa Admin
A142: 139 | B142: Ade Kurnia | C142: =VLOOKUP(B142,'Master Anggota'!$E$2:$I$279,5,0) -> 01651 | D142: 46038 | E142: -880000 | F142: 3. Cicilan | H142: Pelunasan Langsung (Dari Catetan Lita)
A143: 140 | B143: Ade Kurnia | C143: =VLOOKUP(B143,'Master Anggota'!$E$2:$I$279,5,0) -> 01651 | D143: 46045 | E143: -220000 | F143: 3. Cicilan
A144: 141 | B144: Ade Kurnia | C144: =VLOOKUP(B144,'Master Anggota'!$E$2:$I$279,5,0) -> 01651 | D144: 46048 | E144: 720000 | F144: 3. Cicilan | H144: Pengembalian potongan datetan lita 720.000 pengajuan 220.000
A145: 142 | B145: Agung Pambudi | C145: =VLOOKUP(B145,'Master Anggota'!$E$2:$I$279,5,0) -> 00535 | D145: 46045 | E145: -597333 | F145: 3. Cicilan
A146: 143 | B146: Ahmad Fauzi - 01743 | C146: =VLOOKUP(B146,'Master Anggota'!$E$2:$I$279,5,0) -> 01743 | D146: 46045 | E146: -350000 | F146: 3. Cicilan
A147: 144 | B147: Ahmad Fauzi - 01743 | C147: =VLOOKUP(B147,'Master Anggota'!$E$2:$I$279,5,0) -> 01743 | D147: 46048 | E147: 350000 | F147: 3. Cicilan | H147: Pengembalian potongan
A148: 145 | B148: Ahmad Jamaludin | C148: =VLOOKUP(B148,'Master Anggota'!$E$2:$I$279,5,0) -> 00369 | D148: 46045 | E148: -1812500 | F148: 3. Cicilan
A149: 146 | B149: Ahmat Saifudin | C149: =VLOOKUP(B149,'Master Anggota'!$E$2:$I$279,5,0) -> 01665 | D149: 46045 | E149: -458572 | F149: 3. Cicilan
A150: 147 | B150: Alfian Noor | C150: =VLOOKUP(B150,'Master Anggota'!$E$2:$I$279,5,0) -> 00552 | D150: 46045 | E150: -4408333 | F150: 3. Cicilan
...

Sheet Data Base Pinjaman
B2: No | C2: Nama | D2: Npp | E2: Pokok | F2: Admin | G2: Mulai dipotong | H2: Terakhir dipotong | I2: lama Cicilan | J2: Cicilan
B3: 1 | C3: Ade Kurnia | D3: =VLOOKUP(C3,'Master Anggota'!$E$2:$I$279,5,0) -> 01651 | E3: 3000000 | F3: 300000 | G3: 46078 | H3: 46351 | I3: 10 | J3: Lunas
B4: 2 | C4: Bayu Adithya Permana | D4: =VLOOKUP(C4,'Master Anggota'!$E$2:$I$279,5,0) -> 00498 | E4: 93000000 | F4: 25400000 | G4: 46078 | H4: 46655 | I4: 20 | J4: 5920000
B5: 3 | C5: Ramli | D5: =VLOOKUP(C5,'Master Anggota'!$E$2:$I$279,5,0) -> 00526 | E5: 50000000 | F5: 15000000 | G5: 46106 | H5: 46808 | I5: 24 | J5: 2708333
B6: 4 | C6: Dedy Kurniawan | D6: =VLOOKUP(C6,'Master Anggota'!$E$2:$I$279,5,0) -> 00540 | E6: 15000000 | F6: 3600000 | G6: 46078 | H6: 46777 | I6: 24 | J6: 775000
B7: 5 | C7: Ngadiono | D7: =VLOOKUP(C7,'Master Anggota'!$E$2:$I$279,5,0) -> 01544 | E7: 13000000 | F7: 1300000 | G7: 46078 | H7: Lunas | I7: 10 | J7: 1430000
B8: 6 | C8: ALVIN AVRIALDY | D8: =VLOOKUP(C8,'Master Anggota'!$E$2:$I$279,5,0) -> PHL | E8: 3000000 | F8: 300000 | G8: 46078 | H8: 46351 | I8: 10 | J8: 330000
B9: 7 | C9: Ir. Djoko Maryono | D9: =VLOOKUP(C9,'Master Anggota'!$E$2:$I$279,5,0) -> 00363 | E9: 15000000 | F9: 1350000 | G9: Saat Pensiun | H9: Saat Pensiun | I9: 1 | J9: 16350000
B10: 8 | C10: Erfan Faulana | D10: =VLOOKUP(C10,'Master Anggota'!$E$2:$I$279,5,0) -> 01730 | E10: 4000000 | F10: 240000 | G10: 46078 | H10: 46228 | I10: 6 | J10: Lunas
B11: 9 | C11: Hermansyah | D11: =VLOOKUP(C11,'Master Anggota'!$E$2:$I$279,5,0) -> 01719 | E11: 3500000 | F11: 175000 | G11: 46078 | H11: 46198 | I11: 5 | J11: Lunas
B12: 10 | C12: Ahmat Saifudin | D12: =VLOOKUP(C12,'Master Anggota'!$E$2:$I$279,5,0) -> 01665 | E12: 3500000 | F12: 210000 | G12: 46106 | H12: 46259 | I12: 6 | J12: 618333
B13: 11 | C13: Nyoman Artawan | D13: =VLOOKUP(C13,'Master Anggota'!$E$2:$I$279,5,0) -> 00523 | E13: 25000000 | F13: 3000000 | G13: 46106 | H13: 46443 | I13: 12 | J13: 2333333
B14: 12 | C14: Sudari | D14: =VLOOKUP(C14,'Master Anggota'!$E$2:$I$279,5,0) -> 01602 | E14: 5000000 | F14: 300000 | G14: 46106 | H14: Lunas | I14: 6 | J14: 883333
B15: 13 | C15: Ahmad Fauzi - 01743 | D15: =VLOOKUP(C15,'Master Anggota'!$E$2:$I$279,5,0) -> 01743 | E15: 700000 | F15: 14000 | G15: 46106 | H15: 46137 | I15: 2 | J15: 357000
B16: 14 | C16: ROBERT LAKBURLAWAI | D16: =VLOOKUP(C16,'Master Anggota'!$E$2:$I$279,5,0) -> PHL | E16: 5100000 | F16: 306000 | G16: 46106 | H16: 46259 | I16: 6 | J16: 901000
B17: 15 | C17: Muhammad Ade Faizal | D17: =VLOOKUP(C17,'Master Anggota'!$E$2:$I$279,5,0) -> 01703 | E17: 3000000 | F17: 180000 | G17: 46106 | H17: 46259 | I17: 6 | J17: 530000
B18: 16 | C18: Ferry Firmanto | D18: =VLOOKUP(C18,'Master Anggota'!$E$2:$I$279,5,0) -> 00563 | E18: 50000000 | F18: 15000000 | G18: 46106 | H18: 46808 | I18: 24 | J18: 2708333
B19: 17 | C19: Sri Wahyuningsih | D19: =VLOOKUP(C19,'Master Anggota'!$E$2:$I$279,5,0) -> 00633 | E19: 25000000 | F19: 3750000 | G19: 46106 | H19: 46532 | I19: 15 | J19: 1916667
B20: 18 | C20: Abdul Cahyo Nugroho | D20: =VLOOKUP(C20,'Master Anggota'!$E$2:$I$279,5,0) -> 00553 | G20: 46047 | H20: 46290 | I20: 10 | J20: 660000
B21: 19 | C21: Agung Pambudi | D21: =VLOOKUP(C21,'Master Anggota'!$E$2:$I$279,5,0) -> 00535 | G21: 46016 | H21: 46351 | J21: 597333
B22: 20 | C22: Agus Tomi - Nasabah | D22: =VLOOKUP(C22,'Master Anggota'!$E$2:$I$279,5,0) -> Nasabah | G22: 45863 | H22: 46198 | J22: 189000
B23: 21 | C23: Ahmad Jamaludin | D23: =VLOOKUP(C23,'Master Anggota'!$E$2:$I$279,5,0) -> 00369 | G23: 45772 | H23: 46228 | J23: 1812500
B24: 22 | C24: Alfian Noor | D24: =VLOOKUP(C24,'Master Anggota'!$E$2:$I$279,5,0) -> 00552 | G24: 46047 | H24: 46746 | J24: 4408333
B25: 23 | C25: Allan Louby Van Houten | D25: =VLOOKUP(C25,'Master Anggota'!$E$2:$I$279,5,0) -> 00607 | G25: 45833 | H25: Lunas | J25: 775000
B26: 24 | C26: Amir Suroto | D26: =VLOOKUP(C26,'Master Anggota'!$E$2:$I$279,5,0) -> 01302 | G26: 46016 | H26: 46290 | J26: 2200000
B27: 25 | C27: Andri Kurniawan | D27: =VLOOKUP(C27,'Master Anggota'!$E$2:$I$279,5,0) -> 00576 | G27: 45894 | H27: 46593 | J27: 1858333
B28: 26 | C28: Andrian Fadly | D28: =VLOOKUP(C28,'Master Anggota'!$E$2:$I$279,5,0) -> 00546 | G28: 45894 | H28: 46593 | J28: 1575000
B29: 27 | C29: Anton Efendi | D29: =VLOOKUP(C29,'Master Anggota'!$E$2:$I$279,5,0) -> 00614 | G29: 45925 | H29: Lunas | J29: 723333
B30: 28 | C30: Ari Wibowo - 00533 | D30: =VLOOKUP(C30,'Master Anggota'!$E$2:$I$279,5,0) -> 00533 | G30: 45894 | H30: 46593 | J30: 3275000
B31: 29 | C31: ari Wibowo - 00579 | D31: =VLOOKUP(C31,'Master Anggota'!$E$2:$I$279,5,0) -> 00579 | G31: 45894 | H31: 46320 | J31: 767000
B32: 30 | C32: Arief Indrawan | D32: =VLOOKUP(C32,'Master Anggota'!$E$2:$I$279,5,0) -> 00577 | G32: 45955 | H32: 46655 | J32: 1603333
B33: 31 | C33: Asta | D33: =VLOOKUP(C33,'Master Anggota'!$E$2:$I$279,5,0) -> 01720 | G33: 45658 | H33: 46137 | J33: 1195000
B34: 32 | C34: Darsim | D34: =VLOOKUP(C34,'Master Anggota'!$E$2:$I$279,5,0) -> PHL | G34: 45894 | H34: Lunas | J34: 0
B35: 33 | C35: Didi Rahmat | D35: =VLOOKUP(C35,'Master Anggota'!$E$2:$I$279,5,0) -> 00591 | G35: 45833 | H35: Lunas | J35: 0
B36: 34 | C36: Eddy Sukaryan | D36: =VLOOKUP(C36,'Master Anggota'!$E$2:$I$279,5,0) -> 00327 | G36: 45833 | H36: 46532 | J36: 3275000
B37: 35 | C37: Eddy Sukaryan | D37: =VLOOKUP(C37,'Master Anggota'!$E$2:$I$279,5,0) -> 00327 | G37: 45955 | H37: 46655 | J37: 3149608
B38: 36 | C38: Eka Yanuar Santosa | D38: =VLOOKUP(C38,'Master Anggota'!$E$2:$I$279,5,0) -> 00490 | G38: 45833 | H38: 46106 | J38: 2750000
B39: 37 | C39: Eko Junaidi | D39: =VLOOKUP(C39,'Master Anggota'!$E$2:$I$279,5,0) -> 00520 | G39: 46047 | H39: 46290 | J39: 1650000
B40: 38 | C40: Fellix Stephen Willa | D40: =VLOOKUP(C40,'Master Anggota'!$E$2:$I$279,5,0) -> 00565 | G40: 46047 | H40: 46624 | J40: 3125000
B41: 39 | C41: Fitriya Hariyani | D41: =VLOOKUP(C41,'Master Anggota'!$E$2:$I$279,5,0) -> Nasabah | G41: 46016 | H41: 46351 | J41: 1866667
B42: 40 | C42: Gede Arnawa | D42: =VLOOKUP(C42,'Master Anggota'!$E$2:$I$279,5,0) -> 00512 | G42: 45925 | H42: 46624 | J42: Lunas
B43: 41 | C43: Gede Suparta | D43: =VLOOKUP(C43,'Master Anggota'!$E$2:$I$279,5,0) -> 00585 | G43: 45802 | H43: 46381 | J43: 600000
B44: 42 | C44: Hendra | D44: =VLOOKUP(C44,'Master Anggota'!$E$2:$I$279,5,0) -> 00541 | G44: 46047 | H44: 46746 | J44: 4125000
B45: 43 | C45: Heni Triandini | D45: =VLOOKUP(C45,'Master Anggota'!$E$2:$I$279,5,0) -> 00537 | G45: 45894 | H45: 46593 | J45: 2708333
B46: 44 | C46: Herda | D46: =VLOOKUP(C46,'Master Anggota'!$E$2:$I$279,5,0) -> 00578 | G46: 45894 | H46: Lunas | J46: 0
B47: 45 | C47: Herman | D47: =VLOOKUP(C47,'Master Anggota'!$E$2:$I$279,5,0) -> 00534 | G47: 45682 | H47: Lunas | J47: 1825000
B48: 46 | C48: Heru Sri Margono | D48: =VLOOKUP(C48,'Master Anggota'!$E$2:$I$279,5,0) -> 00547 | G48: 46016 | H48: 46716 | J48: 2368333
B49: 47 | C49: Hesby Aga Ardila Nugroho | D49: =VLOOKUP(C49,'Master Anggota'!$E$2:$I$279,5,0) -> 01561 | G49: 45894 | H49: 46167 | J49: 1430000
B50: 48 | C50: I Gede Mustika | D50: =VLOOKUP(C50,'Master Anggota'!$E$2:$I$279,5,0) -> 00525 | G50: 46016 | H50: 46716 | J50: 3331667
B51: 49 | C51: I Made Mustada | D51: =VLOOKUP(C51,'Master Anggota'!$E$2:$I$279,5,0) -> 00328 | G51: 45682 | H51: Lunas | J51: 3275000
B52: 50 | C52: Idris Rusmianto | D52: =VLOOKUP(C52,'Master Anggota'!$E$2:$I$279,5,0) -> 00529 | G52: 45682 | H52: Lunas | J52: 0
B53: 51 | C53: Indra Suwanda | D53: =VLOOKUP(C53,'Master Anggota'!$E$2:$I$279,5,0) -> 00554 | G53: 46047 | H53: 46167 | J53: 530000
B54: 52 | C54: Ir. Okto Hendri Fahlefi | D54: =VLOOKUP(C54,'Master Anggota'!$E$2:$I$279,5,0) -> 00396 | G54: 45955 | H54: Lunas | J54: 4475000
B55: 53 | C55: Ismail | D55: =VLOOKUP(C55,'Master Anggota'!$E$2:$I$279,5,0) -> 00387 | G55: 45894 | H55: 46959 | J55: 1586112
B56: 54 | C56: Ismail | D56: =VLOOKUP(C56,'Master Anggota'!$E$2:$I$279,5,0) -> 00387 | G56: 45682 | H56: 46381 | J56: 155000
B57: 55 | C57: Iwan Setiawan | D57: =VLOOKUP(C57,'Master Anggota'!$E$2:$I$279,5,0) -> 00508 | G57: 46047 | H57: 46381 | J57: 2708333
B58: 56 | C58: Jafar Dwiyanto | D58: =VLOOKUP(C58,'Master Anggota'!$E$2:$I$279,5,0) -> 01541 | G58: 45925 | H58: 46228 | J58: Lunas
B59: 57 | C59: Jaimin | D59: =VLOOKUP(C59,'Master Anggota'!$E$2:$I$279,5,0) -> PHL | G59: 45955 | H59: 46228 | J59: 770000
B60: 58 | C60: Jamsari | D60: =VLOOKUP(C60,'Master Anggota'!$E$2:$I$279,5,0) -> 00371 | G60: 45955 | H60: 46655 | J60: 3955000
B61: 59 | C61: Jumadi | D61: =VLOOKUP(C61,'Master Anggota'!$E$2:$I$279,5,0) -> 00351 | G61: 46016 | H61: 46443 | J61: 2325000
B62: 60 | C62: Kadek Sudarsana | D62: =VLOOKUP(C62,'Master Anggota'!$E$2:$I$279,5,0) -> 01511 | G62: 45894 | H62: Lunas | J62: 1680000
B63: 61 | C63: Ketut Wijaya | D63: =VLOOKUP(C63,'Master Anggota'!$E$2:$I$279,5,0) -> 00514 | G63: 45894 | H63: Lunas | J63: 933334
B64: 62 | C64: Komang Astrawan | D64: =VLOOKUP(C64,'Master Anggota'!$E$2:$I$279,5,0) -> 00531 | G64: 45894 | H64: Lunas | J64: 0
B65: 63 | C65: Margono - 00368 | D65: =VLOOKUP(C65,'Master Anggota'!$E$2:$I$279,5,0) -> 00368 | G65: 45925 | H65: 46624 | J65: 3275000
B66: 64 | C66: Marhasan | D66: =VLOOKUP(C66,'Master Anggota'!$E$2:$I$279,5,0) -> 00568 | G66: 46047 | H66: 46746 | J66: 1085000
B67: 65 | C67: Minan Khusnaeni | D67: =VLOOKUP(C67,'Master Anggota'!$E$2:$I$279,5,0) -> 00401 | G67: 45894 | H67: Lunas | J67: 1200000
B68: 66 | C68: Minan Khusnaeni | D68: =VLOOKUP(C68,'Master Anggota'!$E$2:$I$279,5,0) -> 00401 | G68: 45894 | H68: Lunas | J68: 2120000
B69: 67 | C69: Muhammad Dzil Ikram Jani | D69: =VLOOKUP(C69,'Master Anggota'!$E$2:$I$279,5,0) -> 00521 | G69: 45802 | H69: Lunas | J69: 4791667
B70: 68 | C70: Mumuh Mulyawan | D70: =VLOOKUP(C70,'Master Anggota'!$E$2:$I$279,5,0) -> 00596 | G70: 45833 | H70: 46532 | J70: 1033333
B71: 69 | C71: Nowo Susiyanto | D71: =VLOOKUP(C71,'Master Anggota'!$E$2:$I$279,5,0) -> 00311 | G71: 46016 | H71: 46443 | J71: 3958333
B72: 70 | C72: Nurpendi | D72: =VLOOKUP(C72,'Master Anggota'!$E$2:$I$279,5,0) -> 00516 | G72: 46016 | H72: 46443 | J72: 383333
B73: 71 | C73: Parsono | D73: =VLOOKUP(C73,'Master Anggota'!$E$2:$I$279,5,0) -> 00513 | G73: 46016 | H73: 46716 | J73: 2708333
B74: 72 | C74: Rahmat Zaeni | D74: =VLOOKUP(C74,'Master Anggota'!$E$2:$I$279,5,0) -> 00317 | G74: 45955 | H74: Lunas | J74: 1650000
B75: 73 | C75: Rahmat Zaeni | D75: =VLOOKUP(C75,'Master Anggota'!$E$2:$I$279,5,0) -> 00317 | E75: 10000000 | F75: 1000000 | G75: 46047 | H75: 46290 | I75: 10 | J75: 1100000
B76: 74 | C76: Repki Ariyanto | D76: =VLOOKUP(C76,'Master Anggota'!$E$2:$I$279,5,0) -> 00611 | G76: 45713 | H76: Lunas | J76: 0
B77: 75 | C77: Repki Ariyanto | D77: =VLOOKUP(C77,'Master Anggota'!$E$2:$I$279,5,0) -> 00611 | G77: 46047 | H77: 46381 | J77: 653333
B78: 76 | C78: Riana Merry Natalia | D78: =VLOOKUP(C78,'Master Anggota'!$E$2:$I$279,5,0) -> 00497 | G78: 45925 | H78: 46259 | J78: 1400000
B79: 77 | C79: Ridwan | D79: =VLOOKUP(C79,'Master Anggota'!$E$2:$I$279,5,0) -> 00530 | G79: 46047 | H79: 46746 | J79: 3558333
B80: 78 | C80: Rizki Munardi | D80: =VLOOKUP(C80,'Master Anggota'!$E$2:$I$279,5,0) -> 00532 | E80: 60000000 | F80: 13950000 | G80: 45925 | H80: Lunas | I80: 18+1 | J80: 0
B81: 79 | C81: Rohaedi | D81: =VLOOKUP(C81,'Master Anggota'!$E$2:$I$279,5,0) -> 00339 | G81: 45955 | H81: 46381 | J81: 2325000
B82: 80 | C82: Romansyah | D82: =VLOOKUP(C82,'Master Anggota'!$E$2:$I$279,5,0) -> 01754 | G82: 46047 | H82: 46290 | J82: 1100000
B83: 81 | C83: Rudiansyah | D83: =VLOOKUP(C83,'Master Anggota'!$E$2:$I$279,5,0) -> 00569 | G83: 45833 | H83: 46532 | J83: Lunas
B84: 82 | C84: Septi Priawandra | D84: =VLOOKUP(C84,'Master Anggota'!$E$2:$I$279,5,0) -> 00583 | G84: 45894 | H84: 46228 | J84: 1120000
B85: 83 | C85: Sigit Hartanto | D85: =VLOOKUP(C85,'Master Anggota'!$E$2:$I$279,5,0) -> 00302 | G85: 45833 | H85: 46532 | J85: 3841667
B86: 84 | C86: Siswanto | D86: =VLOOKUP(C86,'Master Anggota'!$E$2:$I$279,5,0) -> PHL | G86: 45863 | H86: Lunas | J86: 0
B87: 85 | C87: Sobri | D87: =VLOOKUP(C87,'Master Anggota'!$E$2:$I$279,5,0) -> 00524 | G87: 45955 | H87: 46655 | J87: Lunas
B88: 86 | C88: Sri Hartoyo | D88: =VLOOKUP(C88,'Master Anggota'!$E$2:$I$279,5,0) -> 00288 | G88: 45682 | H88: 46137 | J88: 1500000
B89: 87 | C89: Sri Hartoyo | D89: =VLOOKUP(C89,'Master Anggota'!$E$2:$I$279,5,0) -> 00288 | G89: Saat pensiun | H89: Saat pensiun | J89: 60000000
B90: 88 | C90: Sudadi | D90: =VLOOKUP(C90,'Master Anggota'!$E$2:$I$279,5,0) -> 00343 | G90: 45955 | H90: 46655 | J90: 3105000
B91: 89 | C91: Sugiarto | D91: =VLOOKUP(C91,'Master Anggota'!$E$2:$I$279,5,0) -> 00293 | G91: 46016 | H91: 46443 | J91: 3808333
B92: 90 | C92: Sugiyatwoko | D92: =VLOOKUP(C92,'Master Anggota'!$E$2:$I$279,5,0) -> 00390 | G92: 45894 | H92: Lunas | J92: 1866667
B93: 91 | C93: Sunardi - 00376 | D93: =VLOOKUP(C93,'Master Anggota'!$E$2:$I$279,5,0) -> 00376 | G93: 45925 | H93: 46624 | J93: Lunas
B94: 92 | C94: Suratman | D94: =VLOOKUP(C94,'Master Anggota'!$E$2:$I$279,5,0) -> 01530 | G94: 45894 | H94: Lunas | J94: 1760000
B95: 93 | C95: Suwarno | D95: =VLOOKUP(C95,'Master Anggota'!$E$2:$I$279,5,0) -> 00509 | G95: 45772 | H95: 46106 | J95: 653333
B96: 94 | C96: Suwitno | D96: =VLOOKUP(C96,'Master Anggota'!$E$2:$I$279,5,0) -> 00515 | G96: 45772 | H96: 46351 | J96: 1825000
B97: 95 | C97: Taufiqurrahman | D97: =VLOOKUP(C97,'Master Anggota'!$E$2:$I$279,5,0) -> 00558 | G97: 45925 | H97: 46624 | J97: 1341667
B98: 96 | C98: Tiolenta Martiana | D98: =VLOOKUP(C98,'Master Anggota'!$E$2:$I$279,5,0) -> 00564 | G98: 45925 | H98: 46624 | J98: 1291667
B99: 97 | C99: Tirto Bayu Saputro | D99: =VLOOKUP(C99,'Master Anggota'!$E$2:$I$279,5,0) -> 00593 | G99: 45802 | H99: 46078 | J99: 770000
B100: 98 | C100: Toni | D100: =VLOOKUP(C100,'Master Anggota'!$E$2:$I$279,5,0) -> 00527 | G100: 45925 | H100: Lunas | J100: 1858333
B101: 99 | C101: Tri Iswahyudi | D101: =VLOOKUP(C101,'Master Anggota'!$E$2:$I$279,5,0) -> 00626 | G101: 46047 | H101: 46624 | J101: Lunas
...

Sheet Sheet1
A1: No | B1: Nama | C1: Npp | D1: Cicilan
A2: 1 | B2: Bayu Adithya Permana | C2: 00498 | D2: 5920000
A3: 2 | B3: Ramli | C3: 00526 | D3: 2708333
A4: 3 | B4: Dedy Kurniawan | C4: 00540 | D4: 775000
A5: 4 | B5: ALVIN AVRIALDY | C5: PHL | D5: 330000
A6: 5 | B6: Ahmat Saifudin | C6: 01665 | D6: 618333
A7: 6 | B7: Nyoman Artawan | C7: 00523 | D7: 2333333
A8: 7 | B8: Sudari | C8: 01602 | D8: 883333
A9: 8 | B9: ROBERT LAKBURLAWAI | C9: PHL | D9: 901000
A10: 9 | B10: Muhammad Ade Faizal | C10: 01703 | D10: 530000
A11: 10 | B11: Ferry Firmanto | C11: 00563 | D11: 2708333
A12: 11 | B12: Sri Wahyuningsih | C12: 00633 | D12: 1916667
A13: 12 | B13: Abdul Cahyo Nugroho | C13: 00553 | D13: 660000
... A87: 86 | B87: Andung Juanda | C87: 00511 | D87: 1291667
A88: 87 | B88: Sobri | D88: 3841667
A89: 88 | B89: Sumihar H. Tambunan | D89: 280000
A90: 89 | B90: Rudiansyah | D90: 3161667
A91: 90 | B91: Tri Iswahyudi | D91: 1801667
A92: 91 | B92: Rina Oktaviani | D92: 1413333
A93: 92 | B93: Ade Kurnia | D93: 550000
A94: 93 | B94: Hermansyah | D94: 550000
A95: 94 | B95: Erfan Faulana | D95: 660000
A96: 95 | B96: Washadi | D96: 220000
A97: 96 | B97: Wiyan Eko Supriyanto | D97: 1303846
A98: 97 | B98: Gede Arnawa | D98: 1033333
A99: 98 | B99: Ahmad Fauzi - 01743 | D99: 458571
... A104: 103 | B104: Umayah | D104: 3316667
A105: 104 | B105: Jafar Dwiyanto | C105: 01541 | D105: 1650000
A106: 105 | B106: Putu Dharma Santika | C106: 01560 | D106: 165000
A107: 106 | B107: Suwarno | C107: 00509 | D107: 653333
B112: Row Labels | C112: Sum of Cicilan | E112: Row Labels | F112: Sum of Cicilan
B113: A. Rafik | C113: 337500 | E113: A. Rafik | F113: 337500 | G113: =VLOOKUP(E113,[2]Juli!$E$5:$J$176,6,0) -> 337500 | H113: =G113-F113 -> 0
B114: Abdul Cahyo Nugroho | C114: 660000 | E114: Abdul Cahyo Nugroho | F114: 660000 | G114: =VLOOKUP(E114,[2]Juli!$E$5:$J$176,6,0) -> 660000 | H114: =G114-F114 -> 0
B115: Ade Kurnia | C115: 550000 | E115: Ade Kurnia | F115: 550000 | G115: =VLOOKUP(E115,[2]Juli!$E$5:$J$176,6,0) -> 550000 | H115: =G115-F115 -> 0
B116: Agung Pambudi | C116: 597333 | E116: Agung Pambudi | F116: 597333 | G116: =VLOOKUP(E116,[2]Juli!$E$5:$J$176,6,0) -> 597333 | H116: =G116-F116 -> 0
B117: Ahmad Fauzi - 01743 | C117: 458571 | E117: Ahmad Fauzi - 01743 | F117: 458571 | G117: =VLOOKUP(E117,[2]Juli!$E$5:$J$176,6,0) -> 458571 | H117: =G117-F117 -> 0
B118: Ahmad Jamaludin | C118: 1812500 | E118: Ahmad Jamaludin | F118: 1812500 | G118: =VLOOKUP(E118,[2]Juli!$E$5:$J$176,6,0) -> 1812500 | H118: =G118-F118 -> 0
B119: Ahmat Saifudin | C119: 618333 | E119: Ahmat Saifudin | F119: 618333 | G119: =VLOOKUP(E119,[2]Juli!$E$5:$J$176,6,0) -> 618333 | H119: =G119-F119 -> 0
B120: Alfian Noor | C120: 4408333 | E120: Alfian Noor | F120: 4408333 | G120: =VLOOKUP(E120,[2]Juli!$E$5:$J$176,6,0) -> 4408333 | H120: =G120-F120 -> 0
B121: Allan Louby Van Houten | C121: 775000 | E121: Allan Louby Van Houten | F121: 0 | G121: 0 | H121: =G121-F121 -> 0
B122: ALVIN AVRIALDY | C122: 330000 | E122: ALVIN AVRIALDY | F122: 330000 | G122: =VLOOKUP(E122,[2]Juli!$E$5:$J$176,6,0) -> 330000 | H122: =G122-F122 -> 0
B123: Amir Suroto | C123: 2200000 | E123: Amir Suroto | F123: 2200000 | G123: =VLOOKUP(E123,[2]Juli!$E$5:$J$176,6,0) -> 2200000 | H123: =G123-F123 -> 0
B124: Andi Yanto | C124: 540000 | E124: Andi Yanto | F124: 540000 | G124: =VLOOKUP(E124,[2]Juli!$E$5:$J$176,6,0) -> 540000 | H124: =G124-F124 -> 0
B125: Andri Kurniawan | C125: 1858333 | E125: Andri Kurniawan | F125: 1858333 | G125: =VLOOKUP(E125,[2]Juli!$E$5:$J$176,6,0) -> 1858333 | H125: =G125-F125 -> 0
B126: Andrian Fadly | C126: 1575000 | E126: Andrian Fadly | F126: 1575000 | G126: =VLOOKUP(E126,[2]Juli!$E$5:$J$176,6,0) -> 1575000 | H126: =G126-F126 -> 0
B127: Andung Juanda | C127: 1291667 | E127: Andung Juanda | F127: 1291667 | G127: =VLOOKUP(E127,[2]Juli!$E$5:$J$176,6,0) -> 1291667 | H127: =G127-F127 -> 0
B128: Anton Efendi | C128: 723333 | E128: Anton Efendi | F128: 723333 | G128: =VLOOKUP(E128,[2]Juli!$E$5:$J$176,6,0) -> 723333 | H128: =G128-F128 -> 0
B129: Ari Wibowo - 00533 | C129: 3275000 | E129: Ari Wibowo - 00533 | F129: 3275000 | G129: =VLOOKUP(E129,[2]Juli!$E$5:$J$176,6,0) -> 3275000 | H129: =G129-F129 -> 0
B130: ari Wibowo - 00579 | C130: 767000 | E130: ari Wibowo - 00579 | F130: 767000 | G130: =VLOOKUP(E130,[2]Juli!$E$5:$J$176,6,0) -> 767000 | H130: =G130-F130 -> 0
B131: Arief Indrawan | C131: 1603333 | E131: Arief Indrawan | F131: 1603333 | G131: =VLOOKUP(E131,[2]Juli!$E$5:$J$176,6,0) -> 1603333 | H131: =G131-F131 -> 0
B132: Asta | C132: 1020000 | E132: Asta | F132: 1020000 | G132: =VLOOKUP(E132,[2]Juli!$E$5:$J$176,6,0) -> 1020000 | H132: =G132-F132 -> 0
B133: Bayu Adithya Permana | C133: 5920000 | E133: Bayu Adithya Permana | F133: 5920000 | G133: =VLOOKUP(E133,[2]Juli!$E$5:$J$176,6,0) -> 5920000 | H133: =G133-F133 -> 0
B134: Clarissa Dini | C134: 1866667 | E134: Clarissa Dini | F134: 1866667 | G134: =VLOOKUP(E134,[2]Juli!$E$5:$J$176,6,0) -> 1866667 | H134: =G134-F134 -> 0
B135: Dede Slamet Supriyanto | C135: 208000 | E135: Dede Slamet Supriyanto | F135: 0 | G135: 0 | H135: =G135-F135 -> 0 | I135: PHL | J135: 208000
B136: Dedy Kurniawan | C136: 775000 | E136: Dedy Kurniawan | F136: 775000 | G136: =VLOOKUP(E136,[2]Juli!$E$5:$J$176,6,0) -> 775000 | H136: =G136-F136 -> 0
B137: Eddy Sukaryan | C137: 6424608 | E137: Eddy Sukaryan | F137: 6424608 | G137: =VLOOKUP(E137,[2]Juli!$E$5:$J$176,6,0) -> 6424608 | H137: =G137-F137 -> 0
B138: Eka Yanuar Santosa | C138: 2325000 | E138: Eka Yanuar Santosa | F138: 2325000 | G138: =VLOOKUP(E138,[2]Juli!$E$5:$J$176,6,0) -> 2325000 | H138: =G138-F138 -> 0
B139: Eko Junaidi | C139: 1650000 | E139: Eko Junaidi | F139: 1650000 | G139: =VLOOKUP(E139,[2]Juli!$E$5:$J$176,6,0) -> 1650000 | H139: =G139-F139 -> 0
B140: Erfan Faulana | C140: 660000 | E140: Erfan Faulana | F140: 660000 | G140: =VLOOKUP(E140,[2]Juli!$E$5:$J$176,6,0) -> 660000 | H140: =G140-F140 -> 0
B141: Faqih Zakaria | C141: 405000 | E141: Faqih Zakaria | F141: 405000 | G141: =VLOOKUP(E141,[2]Juli!$E$5:$J$176,6,0) -> 405000 | H141: =G141-F141 -> 0
B142: Fellix Stephen Willa | C142: 3125000 | E142: Fellix Stephen Willa | F142: 3125000 | G142: =VLOOKUP(E142,[2]Juli!$E$5:$J$176,6,0) -> 3125000 | H142: =G142-F142 -> 0
B143: Ferry Firmanto | C143: 2708333 | E143: Ferry Firmanto | F143: 2708333 | G143: =VLOOKUP(E143,[2]Juli!$E$5:$J$176,6,0) -> 2708333 | H143: =G143-F143 -> 0
B144: Fitriya Hariyani | C144: 1866667 | E144: Fitriya Hariyani | F144: 0 | G144: 0 | H144: =G144-F144 -> 0 | I144: Pulogadung | J144: 1866667
B145: Gede Arnawa | C145: 1033333 | E145: Gede Arnawa | F145: 1033333 | G145: =VLOOKUP(E145,[2]Juli!$E$5:$J$176,6,0) -> 1033333 | H145: =G145-F145 -> 0
B146: Gede Suparta | C146: 600000 | E146: Gede Suparta | F146: 600000 | G146: =VLOOKUP(E146,[2]Juli!$E$5:$J$176,6,0) -> 600000 | H146: =G146-F146 -> 0
B147: Gunawan | C147: 232500 | E147: Gunawan | F147: 232500 | G147: =VLOOKUP(E147,[2]Juli!$E$5:$J$176,6,0) -> 232500 | H147: =G147-F147 -> 0
B148: Hendra | C148: 4125000 | E148: Hendra | F148: 4125000 | G148: =VLOOKUP(E148,[2]Juli!$E$5:$J$176,6,0) -> 4125000 | H148: =G148-F148 -> 0
B149: Heni Triandini | C149: 2708333 | E149: Heni Triandini | F149: 2708333 | G149: =VLOOKUP(E149,[2]Juli!$E$5:$J$176,6,0) -> 2708333 | H149: =G149-F149 -> 0
B150: Herda | C150: 981667 | E150: Herda | F150: 981667 | G150: =VLOOKUP(E150,[2]Juli!$E$5:$J$176,6,0) -> 981667 | H150: =G150-F150 -> 0
B151: Herman | C151: 1858333 | E151: Herman | F151: 1858333 | G151: =VLOOKUP(E151,[2]Juli!$E$5:$J$176,6,0) -> 1858333 | H151: =G151-F151 -> 0
B152: Hermansyah | C152: 550000 | E152: Hermansyah | F152: 550000 | G152: =VLOOKUP(E152,[2]Juli!$E$5:$J$176,6,0) -> 550000 | H152: =G152-F152 -> 0
B153: Heru Sri Margono | C153: 3173333 | E153: Heru Sri Margono | F153: 3173333 | G153: =VLOOKUP(E153,[2]Juli!$E$5:$J$176,6,0) -> 3173333 | H153: =G153-F153 -> 0
B154: I Gede Mustika | C154: 3331667 | E154: I Gede Mustika | F154: 3331667 | G154: =VLOOKUP(E154,[2]Juli!$E$5:$J$176,6,0) -> 3331667 | H154: =G154-F154 -> 0
B155: Ibrahim | C155: 540000 | E155: Ibrahim | F155: 540000 | G155: =VLOOKUP(E155,[2]Juli!$E$5:$J$176,6,0) -> 540000 | H155: =G155-F155 -> 0
B156: Idris Rusmianto | C156: 1341667 | E156: Idris Rusmianto | F156: 0 | G156: =VLOOKUP(E156,[2]Juli!$E$5:$J$176,6,0) -> 0 | H156: =G156-F156 -> 0
... B215: Grand Total | C215: 187788412 | E215: Grand Total | F215: 187788412 | G215: =VLOOKUP(E215,[2]Juli!$E$5:$J$176,6,0) -> #N/A | H215: =G215-F215 -> #N/A

Sheet Sheet2
C2: Nama | D2: Cicilan
C3: Bayu Adithya Permana | D3: 5920000
C4: Ramli | D4: 2708333
C5: Dedy Kurniawan | D5: 775000
C6: ALVIN AVRIALDY | D6: 330000
C7: Ahmat Saifudin | D7: 618333
C8: Nyoman Artawan | D8: 2333333
C9: ROBERT LAKBURLAWAI | D9: 901000
C10: Muhammad Ade Faizal | D10: 530000
C11: Ferry Firmanto | D11: 2708333
C12: Sri Wahyuningsih | D12: 1916667
C13: Abdul Cahyo Nugroho | D13: 660000
C14: Agung Pambudi | D14: 597333
... C115: Sugiyatwoko | D115: 2333334
C119: Row Labels | D119: Sum of Cicilan | F119: Row Labels | G119: Sum of Cicilan
C120: A. Rafik | D120: 337500 | F120: A. Rafik | G120: 337500
C121: Abdul Cahyo Nugroho | D121: 660000 | F121: Abdul Cahyo Nugroho | G121: 660000
C122: Achmad Ikang Zulkarnain | D122: 397000 | F122: Achmad Ikang Zulkarnain | G122: 397000
C123: Ade Kurnia | D123: 550000 | F123: Ade Kurnia | G123: 550000
C124: Agung Pambudi | D124: 597333 | F124: Agung Pambudi | G124: 597333
C125: Ahmad Fauzi - 00549 | D125: 1033333 | F125: Ahmad Fauzi - 00549 | G125: 1033333
C126: Ahmad Fauzi - 01743 | D126: 458571 | F126: Ahmad Fauzi - 01743 | G126: 458571
C127: Ahmat Saifudin | D127: 618333 | F127: Ahmat Saifudin | G127: 618333
C128: Alfian Noor | D128: 4408333 | F128: Alfian Noor | G128: 4408333
C129: ALVIN AVRIALDY | D129: 330000 | F129: ALVIN AVRIALDY | G129: 330000
C130: Amir Suroto | D130: 2200000 | F130: Amir Suroto | G130: 2200000
C131: Andi Yanto | D131: 540000 | F131: Andi Yanto | G131: 540000
... C224: Grand Total | D224: 190907911 | F224: Grand Total | G224: 190907911
