Workbook

Sheet Pinjaman Barang Sekunder
A1: PINJAMAN BARANG SEKUNDER 2026
B2: Barang Pertama
A3: No | B3: Nama | C3: Barang | D3: Jumlah Pinjaman | G3: Tgl. Pinjaman Cair | H3: Lama Angsuran (x) | I3: Cicilan Perbulan | J3: Saldo Angsuran Tahun Lalu | K3: Bulan | W3: Pelunasan | X3: Total Angsuran | Y3: Sisa Angsuran | Z3: Status | AA3: Keterangan
D4: Pokok | E4: Bunga (20%) | F4: Jumlah | K4: Jan | L4: Feb | M4: Mar | N4: Apr | O4: Mei | P4: Jun | Q4: Jul | R4: Ags | S4: Sep | T4: Okt | U4: Nov | V4: Des
A5: 1 | B5: Rudiansyah | C5: HP Samsung | D5: 2650000 | E5: =D5*20% -> 530000 | F5: =D5+E5 -> 3180000 | G5: 45692 | H5: 12 | I5: =F5/H5 -> 265000 | J5: 2385000 | K5: 265000 | L5: 265000 | M5: 265000 | X5: =J5+K5+L5+M5+N5+O5+P5+Q5+R5+S5+T5+U5+V5+W5 -> 3180000 | Y5: =F5-X5 -> 0 | Z5: =IF(X5=0," ",IF(Y5=0,"Lunas","")) -> Lunas
A6: 2 | B6: Dadi Muhamad Mulyadi | C6: HP Samsung | D6: 4500000 | E6: =D6*20% -> 900000 | F6: =D6+E6 -> 5400000 | G6: 45632 | H6: 15 | I6: =F6/H6 -> 360000 | J6: 3960000 | K6: 360000 | L6: 360000 | M6: 360000 | N6: 360000 | X6: =J6+K6+L6+M6+N6+O6+P6+Q6+R6+S6+T6+U6+V6+W6 -> 5400000 | Y6: =F6-X6 -> 0 | Z6: =IF(X6=0," ",IF(Y6=0,"Lunas","")) -> Lunas
A7: 3 | B7: Siswanto/PHL | C7: Infinix Note 50 Pro 8/256Gb | D7: 3000000 | E7: =D7*20% -> 600000 | F7: =D7+E7 -> 3600000 | G7: 45959 | H7: 10 | I7: =F7/H7 -> 360000 | J7: 720000 | K7: 360000 | L7: 360000 | M7: 360000 | W7: 1800000 | X7: =J7+K7+L7+M7+N7+O7+P7+Q7+R7+S7+T7+U7+V7+W7 -> 3600000 | Y7: =F7-X7 -> 0 | Z7: =IF(X7=0," ",IF(Y7=0,"Lunas","")) -> Lunas
A8: 4 | B8: Parsono | C8: Handphone Vivo V50 5G | D8: 6900000 | E8: =D8*20% -> 1380000 | F8: =D8+E8 -> 8280000 | G8: 45831 | H8: 10 | I8: =F8/H8 -> 828000 | J8: 4968000 | K8: 828000 | L8: 828000 | M8: 828000 | N8: 828000 | X8: =J8+K8+L8+M8+N8+O8+P8+Q8+R8+S8+T8+U8+V8+W8 -> 8280000 | Y8: =F8-X8 -> 0 | Z8: =IF(X8=0," ",IF(Y8=0,"Lunas","")) -> Lunas
A9: 5 | B9: Jafar Dwiyanto | C9: HP Samsung Galaxy A26 5G | D9: 3000000 | E9: =D9*20% -> 600000 | F9: =D9+E9 -> 3600000 | G9: 45972 | H9: 10 | I9: =F9/H9 -> 360000 | J9: 360000 | K9: 360000 | L9: 360000 | M9: 360000 | N9: 360000 | O9: =360000+1800000 -> 2160000 | P9: 360000 | Q9: -720000 | X9: =J9+K9+L9+M9+N9+O9+P9+Q9+R9+S9+T9+U9+V9+W9 -> 3600000 | Y9: =F9-X9 -> 0 | Z9: =IF(X9=0," ",IF(Y9=0,"Lunas","")) -> Lunas
A10: 6 | B10: Bayu Adhitya Permana | C10: Laptop Advance | D10: 7500000 | E10: =D10*20% -> 1500000 | F10: =D10+E10 -> 9000000 | G10: 45798 | H10: 10 | I10: =F10/H10 -> 900000 | J10: 5400000 | K10: 900000 | L10: 900000 | M10: 900000 | N10: 900000 | X10: =J10+K10+L10+M10+N10+O10+P10+Q10+R10+S10+T10+U10+V10+W10 -> 9000000 | Y10: =F10-X10 -> 0 | Z10: =IF(X10=0," ",IF(Y10=0,"Lunas","")) -> Lunas
A11: 7 | B11: Eddy Sukaryan | C11: HP Oppo Reno 11 Pro 5g | D11: 7999000 | E11: =D11*20% -> 1599800 | F11: =D11+E11 -> 9598800 | G11: 45854 | H11: 12 | I11: =F11/H11 -> 799900 | J11: 3999500 | K11: 799900 | L11: 799900 | M11: 799900 | N11: 799900 | O11: 799900 | P11: 799900 | Q11: 799900 | X11: =J11+K11+L11+M11+N11+O11+P11+Q11+R11+S11+T11+U11+V11+W11 -> 9598800 | Y11: =F11-X11 -> 0 | Z11: =IF(X11=0," ",IF(Y11=0,"Lunas","")) -> Lunas
A12: 8 | B12: Sunardi - 00376 | C12: Laptop Advan Workplus 12600H | D12: 7000000 | E12: =D12*20% -> 1400000 | F12: =D12+E12 -> 8400000 | G12: 45995 | H12: 10 | I12: =F12/H12 -> 840000 | K12: 840000 | L12: 840000 | M12: 840000 | N12: 840000 | O12: 840000 | P12: 840000 | Q12: 840000 | R12: 840000 | X12: =J12+K12+L12+M12+N12+O12+P12+Q12+R12+S12+T12+U12+V12+W12 -> 6720000 | Y12: =F12-X12 -> 1680000 | Z12: =IF(X12=0," ",IF(Y12=0,"Lunas",""))
A13: 9 | B13: Sobri | C13: HP Samsung A55 8/128Gb | D13: 5049000 | E13: =D13*20% -> 1009800 | F13: =D13+E13 -> 6058800 | G13: 12/19/2025 | H13: 12 | I13: =F13/H13 -> 504900 | K13: 504900 | L13: 504900 | M13: 504900 | N13: 504900 | O13: 504900 | P13: 504900 | Q13: 504900 | R13: 504900 | X13: =J13+K13+L13+M13+N13+O13+P13+Q13+R13+S13+T13+U13+V13+W13 -> 4039200 | Y13: =F13-X13 -> 2019600 | Z13: =IF(X13=0," ",IF(Y13=0,"Lunas",""))
A14: 10 | B14: Sigit Hartanto | C14: Laptop Asus TUF A15 (Ryzen 5) | D14: 9500000 | E14: =D14*20% -> 1900000 | F14: =D14+E14 -> 11400000 | G14: 46064 | H14: 10 | I14: =F14/H14 -> 1140000 | M14: 1140000 | N14: 1140000 | O14: 1140000 | P14: 1140000 | Q14: 1140000 | R14: 1140000 | X14: =J14+K14+L14+M14+N14+O14+P14+Q14+R14+S14+T14+U14+V14+W14 -> 6840000 | Y14: =F14-X14 -> 4560000 | Z14: =IF(X14=0," ",IF(Y14=0,"Lunas",""))
A15: 11 | B15: Parsono | C15: Laptop Advan Workplus 12600H | D15: 7500000 | E15: =D15*20% -> 1500000 | F15: =D15+E15 -> 9000000 | H15: 10 | I15: =F15/H15 -> 900000 | O15: 900000 | P15: 900000 | Q15: 900000 | R15: 900000 | X15: =J15+K15+L15+M15+N15+O15+P15+Q15+R15+S15+T15+U15+V15+W15 -> 3600000 | Y15: =F15-X15 -> 5400000 | Z15: =IF(X15=0," ",IF(Y15=0,"Lunas",""))
A16: 12 | B16: Umayah | C16: Kacamata | D16: 700000 | E16: 0 | F16: =D16+E16 -> 700000 | G16: 46141 | H16: 3 | I16: =F16/H16 -> 233333.33 | P16: 233333 | Q16: 233333 | R16: 233333 | X16: =J16+K16+L16+M16+N16+O16+P16+Q16+R16+S16+T16+U16+V16+W16 -> 699999 | Y16: =F16-X16 -> 1 | Z16: =IF(X16=0," ",IF(Y16=0,"Lunas",""))
A17: 13 | B17: Sumihar H. Tambunan | C17: Kacamata | D17: 750000 | E17: 0 | F17: =D17+E17 -> 750000 | G17: 46141 | H17: 3 | I17: =F17/H17 -> 250000 | P17: 250000 | Q17: 250000 | R17: 250000 | X17: =J17+K17+L17+M17+N17+O17+P17+Q17+R17+S17+T17+U17+V17+W17 -> 750000 | Y17: =F17-X17 -> 0 | Z17: =IF(X17=0," ",IF(Y17=0,"Lunas","")) -> Lunas
A18: 14 | B18: Bayu Adhitya Permana | C18: Laptop HP 14 I3 1115G4 | D18: 5000000 | E18: =D18*20% -> 1000000 | F18: =D18+E18 -> 6000000 | G18: 46188 | H18: 10 | I18: =F18/H18 -> 600000 | Q18: 600000 | R18: 600000 | X18: =J18+K18+L18+M18+N18+O18+P18+Q18+R18+S18+T18+U18+V18+W18 -> 1200000 | Y18: =F18-X18 -> 4800000 | Z18: =IF(X18=0," ",IF(Y18=0,"Lunas",""))
B19: Ismail | C19: Kasbon | D19: 1000000 | E19: =1.5%*D19 -> 15000 | H19: 1 | X19: =J19+K19+L19+M19+N19+O19+P19+Q19+R19+S19+T19+U19+V19+W19 -> 0 | Y19: =F19-X19 -> 0 | Z19: =IF(X19=0," ",IF(Y19=0,"Lunas",""))
B20: Eka Yanuar Santosa | C20: HP Infinix Note 60 Pro 8/256 | D20: 4600000 | E20: =D20*20% -> 920000 | F20: =D20+E20 -> 5520000 | G20: 46233 | H20: 10 | I20: =F20/H20 -> 552000 | S20: 552000 | X20: =J20+K20+L20+M20+N20+O20+P20+Q20+R20+S20+T20+U20+V20+W20 -> 552000 | Y20: =F20-X20 -> 4968000 | Z20: =IF(X20=0," ",IF(Y20=0,"Lunas",""))
B21: Rizki Munardi | C21: Samsung A57 8/128 | D21: 7000000 | E21: =D21*20% -> 1400000 | F21: =D21+E21 -> 8400000 | G21: 46233 | H21: 10 | I21: =F21/H21 -> 840000 | S21: 840000 | X21: =J21+K21+L21+M21+N21+O21+P21+Q21+R21+S21+T21+U21+V21+W21 -> 840000 | Y21: =F21-X21 -> 7560000 | Z21: =IF(X21=0," ",IF(Y21=0,"Lunas",""))
B22: Sunardi - 00376 | C22: Advan Laptop Workplus intel 15 12600H | D22: 6000000 | E22: =D22*20% -> 1200000 | F22: =D22+E22 -> 7200000 | G22: 46245 | H22: 10 | I22: =F22/H22 -> 720000 | S22: 720000 | X22: =J22+K22+L22+M22+N22+O22+P22+Q22+R22+S22+T22+U22+V22+W22 -> 720000 | Y22: =F22-X22 -> 6480000 | Z22: =IF(X22=0," ",IF(Y22=0,"Lunas",""))
B23: Eddy Sukaryan | C23: HP Oppo Reno Series | D23: 7500000 | E23: =D23*20% -> 1500000 | F23: =D23+E23 -> 9000000 | G23: Ditolak
B24: Siswanto/PHL | C24: Lenovo Thinkpad Yoga L390 i5 8/256 | D24: 4050000 | E24: =D24*20% -> 810000 | F24: =D24+E24 -> 4860000
K26: =SUM(K5:K18) -> 5217800 | L26: =SUM(L5:L18) -> 5217800 | M26: =SUM(M5:M18) -> 6357800 | N26: =SUM(N5:N18) -> 5732800 | O26: =SUM(O5:O18) -> 6344800 | P26: =SUM(P5:P18) -> 5028133 | Q26: =SUM(Q5:Q18) -> 4548133 | R26: =SUM(R5:R18) -> 4468233 | ... V26: =SUM(V5:V18) -> 0 | X26: =SUM(X5:X18) -> 66507999 | Y26: =SUM(Y5:Y18) -> 18459601

Sheet Sheet1
B4: No | C4: Nama | D4: Barang | E4: Tanggal | F4: Jumlah Pinjaman
F5: Pokok | G5: Bunga (20%) | H5: Cicilan | I5: Saldo
B6: 1 | C6: Jafar Dwiyanto | D6: HP Samsung Galaxy A26 5G | E6: 45972 | F6: 3000000 | G6: 600000 | I6: =SUM(F6:H6) -> 3600000
E7: 46016 | H7: 360000 | I7: =I6+SUM(F7:G7)-H7 -> 3240000
E8: 46047 | H8: 360000 | I8: =I7+SUM(F8:G8)-H8 -> 2880000
E9: 46078 | H9: 360000 | I9: =I8+SUM(F9:G9)-H9 -> 2520000
E10: 46106 | H10: 360000 | I10: =I9+SUM(F10:G10)-H10 -> 2160000
E11: 46137 | H11: 360000 | I11: =I10+SUM(F11:G11)-H11 -> 1800000
E12: 46161 | H12: 360000 | I12: =I11+SUM(F12:G12)-H12 -> 1440000
E13: 46167 | H13: 1800000 | I13: =I12+SUM(F13:G13)-H13 -> -360000
E14: 46198 | H14: 360000 | I14: =I13+SUM(F14:G14)-H14 -> -720000
I15: =I14+SUM(F15:G15)-H15 -> -720000

Sheet Jaket Touring
A1: PINJAMAN BARANG SEKUNDER 2026
B2: Barang Pertama
A3: No | B3: Nama | C3: Barang | D3: Jumlah Pinjaman | G3: Tgl. Pinjaman Cair | H3: Lama Angsuran (x) | I3: Cicilan Perbulan | J3: Saldo Angsuran Tahun Lalu | K3: Bulan | W3: Pelunasan | X3: Total Angsuran | Y3: Sisa Angsuran | Z3: Status | AA3: Keterangan
D4: Pokok | E4: Bunga (20%) | F4: Jumlah | K4: Jan | L4: Feb | M4: Mar | N4: Apr | O4: Mei | P4: Jun | Q4: Jul | R4: Ags | S4: Sep | T4: Okt | U4: Nov | V4: Des
A5: 1 | B5: Hendra | C5: Jaket Turing DJ | D5: 285000 | E5: =D5*20% -> 57000 | F5: =D5+E5 -> 342000 | H5: 3 | I5: =F5/H5 -> 114000 | S5: 114000 | T5: 114000 | U5: 114000 | X5: =J5+K5+L5+M5+N5+O5+P5+Q5+R5+S5+T5+U5+V5+W5 -> 342000 | Y5: =F5-X5 -> 0 | Z5: =IF(X5=0," ",IF(Y5=0,"Lunas","")) -> Lunas
A6: 2 | B6: Ferry Firmanto | C6: Jaket Turing DJ | D6: 285000 | E6: =D6*20% -> 57000 | F6: =D6+E6 -> 342000 | H6: 3 | I6: =F6/H6 -> 114000 | S6: 114000 | T6: 114000 | U6: 114000 | X6: =J6+K6+L6+M6+N6+O6+P6+Q6+R6+S6+T6+U6+V6+W6 -> 342000 | Y6: =F6-X6 -> 0 | Z6: =IF(X6=0," ",IF(Y6=0,"Lunas","")) -> Lunas
A7: 3 | B7: Umayah | C7: Jaket Turing DJ | D7: 270000 | E7: =D7*20% -> 54000 | F7: =D7+E7 -> 324000 | H7: 3 | I7: =F7/H7 -> 108000 | S7: 108000 | T7: 108000 | U7: 108000 | X7: =J7+K7+L7+M7+N7+O7+P7+Q7+R7+S7+T7+U7+V7+W7 -> 324000 | Y7: =F7-X7 -> 0 | Z7: =IF(X7=0," ",IF(Y7=0,"Lunas","")) -> Lunas
A8: 4 | B8: Rudiansyah | C8: Jaket Turing DJ | D8: 270000 | E8: =D8*20% -> 54000 | F8: =D8+E8 -> 324000 | H8: 3 | I8: =F8/H8 -> 108000 | S8: 108000 | T8: 108000 | U8: 108000 | X8: =J8+K8+L8+M8+N8+O8+P8+Q8+R8+S8+T8+U8+V8+W8 -> 324000 | Y8: =F8-X8 -> 0 | Z8: =IF(X8=0," ",IF(Y8=0,"Lunas","")) -> Lunas
A9: 5 | B9: Sudari | C9: Jaket Turing DJ | D9: 270000 | E9: =D9*20% -> 54000 | F9: =D9+E9 -> 324000 | H9: 3 | I9: =F9/H9 -> 108000 | S9: 108000 | T9: 108000 | U9: 108000 | X9: =J9+K9+L9+M9+N9+O9+P9+Q9+R9+S9+T9+U9+V9+W9 -> 324000 | Y9: =F9-X9 -> 0 | Z9: =IF(X9=0," ",IF(Y9=0,"Lunas","")) -> Lunas
A10: 6 | B10: Eko Junaidi | C10: Jaket Turing DJ | D10: 285000 | E10: =D10*20% -> 57000 | F10: =D10+E10 -> 342000 | H10: 3 | I10: =F10/H10 -> 114000 | S10: 114000 | T10: 114000 | U10: 114000 | X10: =J10+K10+L10+M10+N10+O10+P10+Q10+R10+S10+T10+U10+V10+W10 -> 342000 | Y10: =F10-X10 -> 0 | Z10: =IF(X10=0," ",IF(Y10=0,"Lunas","")) -> Lunas
A11: 7 | B11: Eka Yanuar Santosa | C11: Jaket Turing DJ | D11: 270000 | E11: =D11*20% -> 54000 | F11: =D11+E11 -> 324000 | H11: 3 | I11: =F11/H11 -> 108000 | S11: 108000 | T11: 108000 | U11: 108000 | X11: =J11+K11+L11+M11+N11+O11+P11+Q11+R11+S11+T11+U11+V11+W11 -> 324000 | Y11: =F11-X11 -> 0 | Z11: =IF(X11=0," ",IF(Y11=0,"Lunas","")) -> Lunas
A12: 8 | B12: I Gede Mustika | C12: Jaket Turing DJ | D12: 270000 | E12: =D12*20% -> 54000 | F12: =D12+E12 -> 324000 | H12: 3 | I12: =F12/H12 -> 108000 | S12: 108000 | T12: 108000 | U12: 108000 | X12: =J12+K12+L12+M12+N12+O12+P12+Q12+R12+S12+T12+U12+V12+W12 -> 324000 | Y12: =F12-X12 -> 0 | Z12: =IF(X12=0," ",IF(Y12=0,"Lunas","")) -> Lunas
A13: 9 | B13: Gede Suparta | C13: Jaket Turing DJ | D13: 270000 | E13: =D13*20% -> 54000 | F13: =D13+E13 -> 324000 | H13: 3 | I13: =F13/H13 -> 108000 | S13: 108000 | T13: 108000 | U13: 108000 | X13: =J13+K13+L13+M13+N13+O13+P13+Q13+R13+S13+T13+U13+V13+W13 -> 324000 | Y13: =F13-X13 -> 0 | Z13: =IF(X13=0," ",IF(Y13=0,"Lunas","")) -> Lunas
A14: 10 | B14: Hendra | C14: Jaket Turing DJ | D14: 270000 | E14: =D14*20% -> 54000 | F14: =D14+E14 -> 324000 | H14: 3 | I14: =F14/H14 -> 108000 | S14: 108000 | T14: 108000 | U14: 108000 | X14: =J14+K14+L14+M14+N14+O14+P14+Q14+R14+S14+T14+U14+V14+W14 -> 324000 | Y14: =F14-X14 -> 0 | Z14: =IF(X14=0," ",IF(Y14=0,"Lunas","")) -> Lunas
A15: 11 | E15: =D15*20% -> 0 | F15: =D15+E15 -> 0 | X15: =J15+K15+L15+M15+N15+O15+P15+Q15+R15+S15+T15+U15+V15+W15 -> 0 | Y15: =F15-X15 -> 0 | Z15: =IF(X15=0," ",IF(Y15=0,"Lunas",""))
A16: 12 | E16: 0 | F16: =D16+E16 -> 0 | X16: =J16+K16+L16+M16+N16+O16+P16+Q16+R16+S16+T16+U16+V16+W16 -> 0 | Y16: =F16-X16 -> 0 | Z16: =IF(X16=0," ",IF(Y16=0,"Lunas",""))
A17: 13 | E17: 0 | F17: =D17+E17 -> 0 | X17: =J17+K17+L17+M17+N17+O17+P17+Q17+R17+S17+T17+U17+V17+W17 -> 0 | Y17: =F17-X17 -> 0 | Z17: =IF(X17=0," ",IF(Y17=0,"Lunas",""))
A18: 14 | E18: =D18*20% -> 0 | F18: =D18+E18 -> 0 | X18: =J18+K18+L18+M18+N18+O18+P18+Q18+R18+S18+T18+U18+V18+W18 -> 0 | Y18: =F18-X18 -> 0 | Z18: =IF(X18=0," ",IF(Y18=0,"Lunas",""))
E19: =1.5%*D19 -> 0 | X19: =J19+K19+L19+M19+N19+O19+P19+Q19+R19+S19+T19+U19+V19+W19 -> 0 | Y19: =F19-X19 -> 0 | Z19: =IF(X19=0," ",IF(Y19=0,"Lunas",""))
E20: =D20*20% -> 0 | F20: =D20+E20 -> 0 | X20: =J20+K20+L20+M20+N20+O20+P20+Q20+R20+S20+T20+U20+V20+W20 -> 0 | Y20: =F20-X20 -> 0 | Z20: =IF(X20=0," ",IF(Y20=0,"Lunas",""))
E21: =D21*20% -> 0 | F21: =D21+E21 -> 0 | X21: =J21+K21+L21+M21+N21+O21+P21+Q21+R21+S21+T21+U21+V21+W21 -> 0 | Y21: =F21-X21 -> 0 | Z21: =IF(X21=0," ",IF(Y21=0,"Lunas",""))
E22: =D22*20% -> 0 | F22: =D22+E22 -> 0 | X22: =J22+K22+L22+M22+N22+O22+P22+Q22+R22+S22+T22+U22+V22+W22 -> 0 | Y22: =F22-X22 -> 0 | Z22: =IF(X22=0," ",IF(Y22=0,"Lunas",""))
K26: =SUM(K5:K18) -> 0 | L26: =SUM(L5:L18) -> 0 | M26: =SUM(M5:M18) -> 0 | N26: =SUM(N5:N18) -> 0 | O26: =SUM(O5:O18) -> 0 | P26: =SUM(P5:P18) -> 0 | Q26: =SUM(Q5:Q18) -> 0 | R26: =SUM(R5:R18) -> 0 | ... V26: =SUM(V5:V18) -> 0 | X26: =SUM(X5:X18) -> 3294000 | Y26: =SUM(Y5:Y18) -> 0

Sheet Pinjaman Barang Primer
A4: No | B4: Nama | C4: Barang | D4: Total Pesanan (kg/pcs) | E4: Jumlah Pinjaman | H4: Tgl. Pinjaman Cair | I4: Lama Angsuran (x) | J4: Cicilan Perbulan | K4: Saldo Angsuran Tahun Lalu | L4: Bulan | X4: Total Angsuran | Y4: Sisa Angsuran | Z4: Status
E5: Pokok | F5: Margin Rp. 3000 x /Kg | G5: Jumlah | L5: Jan | M5: Feb | N5: Mar | O5: Apr | P5: Mei | Q5: Jun | R5: Jul | S5: Ags | T5: Sep | U5: Okt | V5: Nov | W5: Des
A6: 1 | F6: =D6*3000 -> 0 | G6: =E6+F6 -> 0 | J6: =G6/I6 -> #DIV/0! | X6: =K6+L6+M6+N6+O6+P6+Q6+R6+S6+T6+U6+V6+W6 -> 0 | Y6: =G6-X6 -> 0 | Z6: =IF(X6=0," ",IF(Y6=0,"Lunas"," "))
A7: 2 | F7: =D7*3000 -> 0 | G7: =E7+F7 -> 0 | J7: =G7/I7 -> #DIV/0! | X7: =K7+L7+M7+N7+O7+P7+Q7+R7+S7+T7+U7+V7+W7 -> 0 | Y7: =G7-X7 -> 0 | Z7: =IF(X7=0," ",IF(Y7=0,"Lunas"," "))

Sheet Pinjaman Barang Primer Harian
A4: No | B4: Nama | C4: Bulan | O4: Total Belanja | P4: Status
C5: Jan | D5: Feb | E5: Mar | F5: Apr | G5: Mei | H5: Jun | I5: Jul | J5: Ags | K5: Sep | L5: Okt | M5: Nov | N5: Des
A6: 1 | B6: Hesby Aga | C6: 640920 | D6: 77595 | E6: 77900 | F6: 269850 | G6: 162750 | J6: =169600+(5%*169600)+ (224000+(5%*224000)) -> 413280 | O6: 353430
A7: 2 | B7: Wawan Satriawan | C7: 60900 | O7: =SUM(C7:N7) -> 60900
A8: 3 | B8: Ismail | C8: 877900 | D8: 776580 | F8: 425250 | G8: 206000 | I8: =(756000+200000)+(5%*956000) -> 1003800 | J8: =(233800+(5%*233800)) -> 245490 | O8: =SUM(C8:N8) -> 3535020
A9: 4 | B9: Ari Wibowo | E9: 462000 | O9: =SUM(C9:N9) -> 462000
A10: 5 | B10: Bayu Adhitya Permana | E10: 887565 | F10: 806400 | O10: =SUM(C10:N10) -> 1693965
A11: 6 | B11: Arsim | E11: 144900 | F11: 103950 | O11: =SUM(C11:N11) -> 248850
A12: 7 | B12: Jamsari | E12: 256200 | O12: =SUM(C12:N12) -> 256200
A13: 8 | O13: =SUM(C13:N13) -> 0
A14: 9 | O14: =SUM(C14:N14) -> 0
A15: 10 | O15: =SUM(C15:N15) -> 0
C16: =SUM(C6:C15) -> 1579720 | D16: =SUM(D6:D15) -> 854175 | E16: =SUM(E6:E15) -> 1828565 | F16: =SUM(F6:F15) -> 1605450 | G16: =SUM(G6:G15) -> 368750 | H16: =SUM(H6:H15) -> 0 | I16: =SUM(I6:I15) -> 1003800 | J16: =SUM(J6:J15) -> 658770 | ... O16: =SUM(O6:O15) -> 6610365

Sheet Pinjaman Daging Event Lebaran
A3: No | B3: Nama | C3: Barang | E3: Total Pesanan (kg/pcs) | F3: Jumlah Pinjaman | I3: Tgl. Pinjaman Cair | J3: Lama Angsuran (x) | K3: Cicilan Perbulan | L3: Saldo Angsuran Tahun Lalu | M3: Bulan | Y3: Total Angsuran | Z3: Sisa Angsuran | AA3: Status
D4: Harga Barang | F4: Pokok | G4: Margin Rp. 6000 x /Kg | H4: Jumlah | M4: Jan | N4: Feb | O4: Mar | P4: Apr | Q4: Mei | R4: Jun | S4: Jul | T4: Ags | U4: Sep | V4: Okt | W4: Nov | X4: Des
A5: 1 | B5: Jafar Dwiyanto | C5: Paha Belakang | D5: 135500 | E5: 3 | F5: =D5*E5 -> 406500 | G5: =E5*6000 -> 18000 | H5: =G5+F5 -> 424500 | J5: 3 | K5: =H5/J5 -> 141500 | P5: 141500 | Q5: 141500 | R5: 141500 | Y5: =L5+M5+N5+O5+P5+Q5+R5+S5+T5+U5+V5+W5+X5 -> 424500 | Z5: =H5-Y5 -> 0 | AA5: =IF(Y5=0," ",IF(Z5=0,"Lunas"," ")) -> Lunas
A6: 2 | B6: Eddy Sukaryan | C6: Paha Belakang | D6: 135500 | E6: 10 | F6: =D6*E6 -> 1355000 | G6: =E6*6000 -> 60000 | H6: =G6+F6 -> 1415000 | J6: 3 | K6: =H6/J6 -> 471666.67 | P6: 471666.67 | Q6: 471666.67 | R6: 471666.67 | Y6: =L6+M6+N6+O6+P6+Q6+R6+S6+T6+U6+V6+W6+X6 -> 1415000 | Z6: =H6-Y6 -> 0 | AA6: =IF(Y6=0," ",IF(Z6=0,"Lunas"," ")) -> Lunas
A7: 3 | B7: Jaimin | C7: Paha Belakang | D7: 135500 | E7: 3 | F7: =D7*E7 -> 406500 | G7: =E7*6000 -> 18000 | H7: =G7+F7 -> 424500 | J7: 3 | K7: =H7/J7 -> 141500 | P7: 141500 | Q7: 141500 | R7: 141500 | Y7: =L7+M7+N7+O7+P7+Q7+R7+S7+T7+U7+V7+W7+X7 -> 424500 | Z7: =H7-Y7 -> 0 | AA7: =IF(Y7=0," ",IF(Z7=0,"Lunas"," ")) -> Lunas
A8: 4 | B8: Suratman | C8: Paha Depan | D8: 128000 | E8: 2 | F8: =D8*E8 -> 256000 | G8: =E8*6000 -> 12000 | H8: =G8+F8 -> 268000 | J8: 3 | K8: =H8/J8 -> 89333.333 | P8: 89333.333 | Q8: 89333.333 | R8: 89333.333 | Y8: =L8+M8+N8+O8+P8+Q8+R8+S8+T8+U8+V8+W8+X8 -> 268000 | Z8: =H8-Y8 -> 0 | AA8: =IF(Y8=0," ",IF(Z8=0,"Lunas"," ")) -> Lunas
A9: 5 | B9: Ramli | C9: Paha Depan | D9: 128000 | E9: 2 | F9: =D9*E9 -> 256000 | G9: =E9*6000 -> 12000 | H9: =G9+F9 -> 268000 | J9: 3 | K9: =H9/J9 -> 89333.333 | P9: 89333.333 | Q9: 89333.333 | R9: 89333.333 | Y9: =L9+M9+N9+O9+P9+Q9+R9+S9+T9+U9+V9+W9+X9 -> 268000 | Z9: =H9-Y9 -> 0 | AA9: =IF(Y9=0," ",IF(Z9=0,"Lunas"," ")) -> Lunas
A10: 6 | B10: I Gede Mustika | C10: Paha Belakang | D10: 135500 | E10: 11 | F10: =D10*E10 -> 1490500 | G10: =E10*6000 -> 66000 | H10: =G10+F10 -> 1556500 | J10: 3 | K10: =H10/J10 -> 518833.33 | P10: 518833.33 | Q10: 518833.33 | R10: 518833.33 | Y10: =L10+M10+N10+O10+P10+Q10+R10+S10+T10+U10+V10+W10+X10 -> 1556500 | Z10: =H10-Y10 -> 0 | AA10: =IF(Y10=0," ",IF(Z10=0,"Lunas"," ")) -> Lunas
A11: 7 | B11: I Made Mustada | C11: Paha Belakang | D11: 135500 | E11: 2 | F11: =D11*E11 -> 271000 | G11: =E11*6000 -> 12000 | H11: =G11+F11 -> 283000 | J11: 3 | K11: =H11/J11 -> 94333.333 | P11: 94333.333 | Q11: 94333.333 | R11: 94333.333 | Y11: =L11+M11+N11+O11+P11+Q11+R11+S11+T11+U11+V11+W11+X11 -> 283000 | Z11: =H11-Y11 -> 0 | AA11: =IF(Y11=0," ",IF(Z11=0,"Lunas"," ")) -> Lunas
A12: 8 | B12: Darsim/PHL | C12: Paha Belakang | D12: 135500 | E12: 4 | F12: =D12*E12 -> 542000 | G12: =E12*6000 -> 24000 | H12: =G12+F12 -> 566000 | J12: 3 | K12: =H12/J12 -> 188666.67 | P12: 188666.67 | Q12: 188666.67 | R12: 188666.67 | Y12: =L12+M12+N12+O12+P12+Q12+R12+S12+T12+U12+V12+W12+X12 -> 566000 | Z12: =H12-Y12 -> 0 | AA12: =IF(Y12=0," ",IF(Z12=0,"Lunas"," ")) -> Lunas
A13: 9 | B13: Sunardi - 00376 | C13: Paha Belakang | D13: 135500 | E13: 5 | F13: =D13*E13 -> 677500 | G13: =E13*6000 -> 30000 | H13: =G13+F13 -> 707500 | J13: 3 | K13: =H13/J13 -> 235833.33 | P13: 235833.33 | Q13: 235833.33 | R13: 235833.33 | Y13: =L13+M13+N13+O13+P13+Q13+R13+S13+T13+U13+V13+W13+X13 -> 707500 | Z13: =H13-Y13 -> 0 | AA13: =IF(Y13=0," ",IF(Z13=0,"Lunas"," ")) -> Lunas
A14: 10 | B14: Sobri | C14: Paha Belakang | D14: 135500 | E14: 2 | F14: =D14*E14 -> 271000 | G14: =E14*6000 -> 12000 | H14: =G14+F14 -> 283000 | J14: 3 | K14: =H14/J14 -> 94333.333 | P14: 94333.333 | Q14: 94333.333 | R14: 94333.333 | Y14: =L14+M14+N14+O14+P14+Q14+R14+S14+T14+U14+V14+W14+X14 -> 283000 | Z14: =H14-Y14 -> 0 | AA14: =IF(Y14=0," ",IF(Z14=0,"Lunas"," ")) -> Lunas
A15: 11 | B15: Sigit Hartanto | C15: Paha Belakang | D15: 135500 | E15: 6 | F15: =D15*E15 -> 813000 | G15: =E15*6000 -> 36000 | H15: =G15+F15 -> 849000 | J15: 3 | K15: =H15/J15 -> 283000 | P15: 283000 | Q15: 283000 | R15: 283000 | Y15: =L15+M15+N15+O15+P15+Q15+R15+S15+T15+U15+V15+W15+X15 -> 849000 | Z15: =H15-Y15 -> 0 | AA15: =IF(Y15=0," ",IF(Z15=0,"Lunas"," ")) -> Lunas
A16: 12 | Y16: =L16+M16+N16+O16+P16+Q16+R16+S16+T16+U16+V16+W16+X16 -> 0 | Z16: =H16-Y16 -> 0 | AA16: =IF(Y16=0," ",IF(Z16=0,"Lunas"," "))
A17: 13 | Y17: =L17+M17+N17+O17+P17+Q17+R17+S17+T17+U17+V17+W17+X17 -> 0 | Z17: =H17-Y17 -> 0 | AA17: =IF(Y17=0," ",IF(Z17=0,"Lunas"," "))
A18: 14 | Y18: =L18+M18+N18+O18+P18+Q18+R18+S18+T18+U18+V18+W18+X18 -> 0 | Z18: =H18-Y18 -> 0 | AA18: =IF(Y18=0," ",IF(Z18=0,"Lunas"," "))
A19: 15 | Y19: =L19+M19+N19+O19+P19+Q19+R19+S19+T19+U19+V19+W19+X19 -> 0 | Z19: =H19-Y19 -> 0 | AA19: =IF(Y19=0," ",IF(Z19=0,"Lunas"," "))
A20: 16 | Y20: =L20+M20+N20+O20+P20+Q20+R20+S20+T20+U20+V20+W20+X20 -> 0 | Z20: =H20-Y20 -> 0 | AA20: =IF(Y20=0," ",IF(Z20=0,"Lunas"," "))
A21: 17 | Y21: =L21+M21+N21+O21+P21+Q21+R21+S21+T21+U21+V21+W21+X21 -> 0 | Z21: =H21-Y21 -> 0 | AA21: =IF(Y21=0," ",IF(Z21=0,"Lunas"," "))
A22: 18 | Y22: =L22+M22+N22+O22+P22+Q22+R22+S22+T22+U22+V22+W22+X22 -> 0 | Z22: =H22-Y22 -> 0 | AA22: =IF(Y22=0," ",IF(Z22=0,"Lunas"," "))
A23: 19 | Y23: =L23+M23+N23+O23+P23+Q23+R23+S23+T23+U23+V23+W23+X23 -> 0 | Z23: =H23-Y23 -> 0 | AA23: =IF(Y23=0," ",IF(Z23=0,"Lunas"," "))
A24: 20 | Y24: =L24+M24+N24+O24+P24+Q24+R24+S24+T24+U24+V24+W24+X24 -> 0 | Z24: =H24-Y24 -> 0 | AA24: =IF(Y24=0," ",IF(Z24=0,"Lunas"," "))
A25: 21 | Y25: =L25+M25+N25+O25+P25+Q25+R25+S25+T25+U25+V25+W25+X25 -> 0 | Z25: =H25-Y25 -> 0 | AA25: =IF(Y25=0," ",IF(Z25=0,"Lunas"," "))
A26: 22 | Y26: =L26+M26+N26+O26+P26+Q26+R26+S26+T26+U26+V26+W26+X26 -> 0 | Z26: =H26-Y26 -> 0 | AA26: =IF(Y26=0," ",IF(Z26=0,"Lunas"," "))
A27: 23 | Y27: =L27+M27+N27+O27+P27+Q27+R27+S27+T27+U27+V27+W27+X27 -> 0 | Z27: =H27-Y27 -> 0 | AA27: =IF(Y27=0," ",IF(Z27=0,"Lunas"," "))
... A33: 29 | Y33: =L33+M33+N33+O33+P33+Q33+R33+S33+T33+U33+V33+W33+X33 -> 0 | Z33: =H33-Y33 -> 0 | AA33: =IF(Y33=0," ",IF(Z33=0,"Lunas"," "))
P34: =SUM(P5:P33) -> 2348333.3 | Q34: =SUM(Q5:Q33) -> 2348333.3

Sheet Voucher Belanja KOKA
A4: No | B4: Nama | C4: Qty | D4: Bulan | P4: Total | Q4: Keterangan
D5: Jan | E5: Feb | F5: Mar | G5: Apr | H5: Mei | I5: Jun | J5: Jul | K5: Ags | L5: Sep | M5: Okt | N5: Nov | O5: Des
A6: 1 | B6: Budi Laksono | C6: 1 | D6: 135000 | E6: 135000 | F6: 135000 | H6: 135000 | P6: =SUM(D6:O6) -> 540000
A7: 2 | B7: Dara Maulida | C7: 1 | D7: 135000 | E7: 135000 | F7: 135000 | H7: 135000 | P7: =SUM(D7:O7) -> 540000
A8: 3 | B8: Dewi Kartini | C8: 1 | D8: 135000 | E8: 135000 | F8: 135000 | H8: 135000 | P8: =SUM(D8:O8) -> 540000
A9: 4 | B9: Ferika Pujiyanti | C9: 1 | D9: 135000 | E9: 135000 | F9: 135000 | H9: 135000 | P9: =SUM(D9:O9) -> 540000
A10: 5 | B10: Heni Triandini | C10: 1 | D10: 135000 | E10: 135000 | F10: 135000 | H10: 135000 | P10: =SUM(D10:O10) -> 540000
A11: 6 | B11: Herda | C11: 1 | D11: 135000 | E11: 135000 | F11: 135000 | H11: 135000 | P11: =SUM(D11:O11) -> 540000
A12: 7 | B12: Margono | C12: 1 | D12: 135000 | E12: 135000 | F12: 135000 | H12: 135000 | P12: =SUM(D12:O12) -> 540000
A13: 8 | B13: Mohammad Rizki | C13: 1 | D13: 135000 | E13: 135000 | F13: 135000 | H13: 135000 | P13: =SUM(D13:O13) -> 540000
A14: 9 | B14: Rico Septa Saputra | C14: 1 | D14: 135000 | E14: 135000 | F14: 135000 | H14: 135000 | P14: =SUM(D14:O14) -> 540000
A15: 10 | B15: Arno Nugroho | C15: 1 | D15: 135000 | E15: 135000 | F15: 135000 | H15: 135000 | P15: =SUM(D15:O15) -> 540000
A16: 11 | B16: Khairun Nisa | C16: 1 | D16: 135000 | E16: 135000 | F16: 135000 | H16: 135000 | P16: =SUM(D16:O16) -> 540000
A17: 12 | B17: Lita Ayu Rosida | C17: 1 | D17: 135000 | E17: 135000 | F17: 135000 | H17: 135000 | P17: =SUM(D17:O17) -> 540000
... A35: 30 | B35: Taufik Hidayat | C35: 1 | D35: 135000 | E35: 135000 | F35: 135000 | H35: 135000 | P35: =SUM(D35:O35) -> 540000
A36: 31 | B36: Rudi Nugroho | C36: 1 | D36: 135000 | E36: 135000 | P36: =SUM(D36:O36) -> 270000 | Q36: Resign
A37: 32 | B37: Rian Alandy | C37: 1 | D37: 135000 | E37: 135000 | F37: 135000 | H37: 135000 | P37: =SUM(D37:O37) -> 540000
A38: 33 | B38: Muhammad Irham | C38: 1 | D38: 135000 | E38: 135000 | F38: 135000 | H38: 135000 | P38: =SUM(D38:O38) -> 540000
A39: 34 | B39: Ahmad Zaid Mahfudi | C39: 1 | D39: 135000 | E39: 135000 | F39: 135000 | H39: 135000 | P39: =SUM(D39:O39) -> 540000
A40: 35 | B40: Abdul Cahyo Nugroho | C40: 1 | D40: 135000 | E40: 135000 | F40: 135000 | H40: 135000 | P40: =SUM(D40:O40) -> 540000
A41: 36 | B41: Arief Indrawan | C41: 1 | D41: 135000 | E41: 135000 | F41: 135000 | H41: 135000 | P41: =SUM(D41:O41) -> 540000
A42: 37 | B42: Arsim | C42: 1 | D42: 135000 | E42: 135000 | F42: 135000 | H42: 135000 | P42: =SUM(D42:O42) -> 540000
A43: 38 | B43: Didi Rahmat | C43: 1 | D43: 135000 | E43: 135000 | F43: 135000 | H43: 135000 | P43: =SUM(D43:O43) -> 540000
A44: 39 | B44: Eka Yanuar Santosa | C44: 1 | D44: 135000 | E44: 135000 | F44: 135000 | H44: 135000 | P44: =SUM(D44:O44) -> 540000
A45: 40 | B45: Heru Sri Margono | C45: 1 | D45: 135000 | E45: 135000 | F45: 135000 | H45: 135000 | P45: =SUM(D45:O45) -> 540000
A46: 41 | B46: Keren | C46: 1 | D46: 135000 | E46: 135000 | F46: 135000 | H46: 135000 | P46: =SUM(D46:O46) -> 540000
A47: 42 | B47: Muhammad Dzil Ikram Jani | C47: 1 | D47: 135000 | E47: 135000 | F47: 135000 | H47: 135000 | P47: =SUM(D47:O47) -> 540000
A48: 43 | B48: Taufiqurrahman | C48: 1 | D48: 135000 | E48: 135000 | F48: 135000 | H48: 135000 | P48: =SUM(D48:O48) -> 540000
... A71: 66 | B71: Margono | C71: 1 | D71: 135000 | E71: 135000 | F71: 135000 | H71: 135000 | P71: =SUM(D71:O71) -> 540000
A72: 67 | B72: Narto Prayitno | C72: 2 | D72: 270000 | E72: 270000 | P72: =SUM(D72:O72) -> 540000 | Q72: Resign
A73: 68 | B73: Rwandha Sutedira | C73: 1 | D73: 135000 | E73: 135000 | F73: 135000 | H73: 135000 | P73: =SUM(D73:O73) -> 540000
A74: 69 | B74: Sugiarto | C74: 1 | D74: 135000 | F74: 135000 | H74: 135000 | P74: =SUM(D74:O74) -> 405000
A75: 70 | B75: Umayah | C75: 1 | D75: 135000 | E75: 135000 | F75: 135000 | H75: 135000 | P75: =SUM(D75:O75) -> 540000
A76: 71 | B76: Tirto Bayu S | C76: 1 | D76: 135000 | E76: 135000 | F76: 135000 | H76: 135000 | P76: =SUM(D76:O76) -> 540000
A77: 72 | B77: Iwan Setiawan/Produksi | C77: 1 | D77: 135000 | E77: 135000 | F77: 135000 | H77: 135000 | P77: =SUM(D77:O77) -> 540000
A78: 73 | B78: Minan Khusnaeni | C78: 1 | D78: 135000 | E78: 135000 | F78: 135000 | H78: 135000 | P78: =SUM(D78:O78) -> 540000
A79: 74 | B79: Andrian Fadly | C79: 1 | D79: 135000 | E79: 135000 | F79: 135000 | H79: 135000 | P79: =SUM(D79:O79) -> 540000
A80: 75 | B80: Ferry Firmanto | C80: 1 | D80: 135000 | E80: 135000 | F80: 135000 | H80: 135000 | P80: =SUM(D80:O80) -> 540000
A81: 76 | B81: Hendra | C81: 1 | D81: 135000 | E81: 135000 | F81: 135000 | H81: 135000 | P81: =SUM(D81:O81) -> 540000
A82: 77 | B82: Marhasan | C82: 1 | D82: 135000 | E82: 135000 | F82: 135000 | H82: 135000 | P82: =SUM(D82:O82) -> 540000
A83: 78 | B83: Rudiansyah | C83: 1 | D83: 135000 | E83: 135000 | F83: 135000 | H83: 135000 | P83: =SUM(D83:O83) -> 540000
A84: 79 | B84: Iskandar Sulistiyanto | C84: 1 | D84: 135000 | E84: 135000 | F84: 135000 | H84: 135000 | P84: =SUM(D84:O84) -> 540000
A85: 80 | B85: Repki Arianto | C85: 1 | D85: 135000 | E85: 135000 | F85: 135000 | H85: 135000 | P85: =SUM(D85:O85) -> 540000
A86: 81 | B86: Sudari | C86: 1 | D86: 135000 | E86: 135000 | F86: 135000 | H86: 135000 | P86: =SUM(D86:O86) -> 540000
A87: 82 | B87: Diki Firmansyah | C87: 1 | D87: 135000 | E87: 135000 | F87: 135000 | H87: 135000 | P87: =SUM(D87:O87) -> 540000
A88: 83 | B88: Yonatan Banobe | C88: 1 | D88: 135000 | E88: 135000 | P88: =SUM(D88:O88) -> 270000 | Q88: move to Serang
A89: 84 | B89: Ir. Djoko Maryono | C89: 1 | D89: 135000 | E89: 135000 | F89: 135000 | H89: 135000 | P89: =SUM(D89:O89) -> 540000
A90: 85 | B90: Ismail | C90: 1 | D90: 135000 | E90: 135000 | F90: 135000 | H90: 135000 | P90: =SUM(D90:O90) -> 540000
A91: 86 | B91: Riana Merry Natalia | C91: 1 | D91: 135000 | E91: 135000 | F91: 135000 | H91: 135000 | P91: =SUM(D91:O91) -> 540000
A92: 87 | B92: S u d a d i | C92: 1 | D92: 135000 | E92: 135000 | F92: 135000 | H92: 135000 | P92: =SUM(D92:O92) -> 540000
A93: 88 | B93: Didi Tarmudi | C93: 1 | D93: 135000 | E93: 135000 | P93: =SUM(D93:O93) -> 270000 | Q93: Pensiun
A94: 89 | B94: Toni | C94: 1 | D94: 135000 | E94: 135000 | F94: 135000 | H94: 135000 | P94: =SUM(D94:O94) -> 540000
A95: 90 | B95: Rohaedi | C95: 1 | D95: 135000 | E95: 135000 | F95: 135000 | H95: 135000 | P95: =SUM(D95:O95) -> 540000
A96: 91 | B96: Ahmad Jamaludin | C96: 1 | D96: 160000 | E96: 160000 | F96: 160000 | G96: 160000 | H96: 160000 | P96: =SUM(D96:O96) -> 800000
A97: 92 | B97: Rahmat Zaeni | C97: 1 | D97: 160000 | E97: 160000 | F97: 160000 | G97: 160000 | H97: 160000 | P97: =SUM(D97:O97) -> 800000
A98: 93 | B98: Sugiyatwoko | C98: 1 | D98: 160000 | E98: 160000 | F98: 160000 | G98: 160000 | H98: 160000 | P98: =SUM(D98:O98) -> 800000
A99: 94 | B99: Slamet | C99: 1 | D99: 160000 | E99: 160000 | F99: 160000 | G99: 160000 | H99: 160000 | P99: =SUM(D99:O99) -> 800000
A100: 95 | B100: Dadi Muhamad Mulyadi | C100: 1 | D100: 160000 | E100: 160000 | F100: 160000 | G100: 160000 | H100: 160000 | P100: =SUM(D100:O100) -> 800000
A101: 96 | B101: Teolenta | C101: 1 | D101: 160000 | E101: 160000 | F101: 160000 | G101: 160000 | H101: 160000 | P101: =SUM(D101:O101) -> 800000
A102: 97 | B102: Suwarno | C102: 1 | D102: 160000 | E102: 160000 | F102: 160000 | G102: 160000 | H102: 160000 | P102: =SUM(D102:O102) -> 800000
A103: 98 | B103: Ade Kurnia | C103: 1 | D103: 160000 | E103: 160000 | F103: 160000 | G103: 160000 | H103: 160000 | P103: =SUM(D103:O103) -> 800000
A104: 99 | B104: Amir Suroto | C104: 1 | D104: 160000 | E104: 160000 | F104: 160000 | G104: 160000 | H104: 160000 | P104: =SUM(D104:O104) -> 800000
A105: 100 | B105: Sartono | C105: 1 | D105: 160000 | E105: 160000 | F105: 160000 | G105: 160000 | H105: 160000 | P105: =SUM(D105:O105) -> 800000
A106: 101 | B106: J u m a d i | C106: 1 | D106: 160000 | E106: 160000 | F106: 160000 | G106: 160000 | H106: 160000 | P106: =SUM(D106:O106) -> 800000
A107: 102 | B107: Rison Saeful Sobur | C107: 1 | D107: 160000 | E107: 160000 | P107: =SUM(D107:O107) -> 320000 | Q107: Pensiun
A108: 103 | B108: Agung Pambudi | C108: 1 | D108: 160000 | E108: 160000 | F108: 160000 | G108: 160000 | H108: 160000 | P108: =SUM(D108:O108) -> 800000
A109: 104 | B109: Bayu Adhitya Permana | C109: 1 | D109: 160000 | E109: 160000 | F109: 160000 | G109: 160000 | H109: 160000 | P109: =SUM(D109:O109) -> 800000
A110: 105 | B110: Novita | C110: 1 | D110: 160000 | E110: 160000 | F110: 160000 | G110: 160000 | H110: 160000 | P110: =SUM(D110:O110) -> 800000
A111: 106 | B111: Turut | C111: 1 | D111: 160000 | E111: 160000 | F111: 160000 | G111: 160000 | H111: 160000 | P111: =SUM(D111:O111) -> 800000
A112: 107 | B112: Edy Sukaryan | C112: 1 | D112: 160000 | E112: 160000 | F112: 160000 | G112: 160000 | H112: 160000 | P112: =SUM(D112:O112) -> 800000
A113: 108 | B113: I Made Mustada | C113: 1 | D113: 160000 | E113: 160000 | F113: 160000 | G113: 160000 | H113: 160000 | P113: =SUM(D113:O113) -> 800000
A114: 109 | B114: Sunardi | C114: 1 | D114: 160000 | E114: 160000 | F114: 160000 | G114: 160000 | H114: 160000 | P114: =SUM(D114:O114) -> 800000
A115: 110 | B115: Sri Hartoyo | C115: 1 | D115: 160000 | E115: 160000 | P115: =SUM(D115:O115) -> 320000 | Q115: NPP
A116: 111 | B116: Sigit Hartanto | C116: 1 | D116: 160000 | E116: 160000 | F116: 160000 | G116: 160000 | H116: 160000 | P116: =SUM(D116:O116) -> 800000
A117: 112 | B117: Sulaeman | C117: 1 | D117: 160000 | E117: 160000 | P117: =SUM(D117:O117) -> 320000 | Q117: Pensiun
A118: 113 | B118: Nurpendi | C118: 1 | D118: 160000 | E118: 160000 | F118: 160000 | G118: 160000 | H118: 160000 | P118: =SUM(D118:O118) -> 800000
A119: 114 | B119: Gede Arnawa | C119: 1 | D119: 160000 | E119: 160000 | F119: 160000 | G119: 160000 | H119: 160000 | P119: =SUM(D119:O119) -> 800000
A120: 115 | B120: Parsono | C120: 1 | D120: 160000 | E120: 160000 | F120: 160000 | G120: 160000 | H120: 160000 | P120: =SUM(D120:O120) -> 800000
A121: 116 | B121: Ketut Wijaya | C121: 1 | D121: 160000 | E121: 160000 | F121: 160000 | G121: 160000 | H121: 160000 | P121: =SUM(D121:O121) -> 800000
A122: 117 | B122: Eko Junaedi | C122: 1 | D122: 160000 | E122: 160000 | F122: 160000 | G122: 160000 | H122: 160000 | P122: =SUM(D122:O122) -> 800000
A123: 118 | B123: Nyoman Artawan | C123: 1 | D123: 160000 | E123: 160000 | F123: 160000 | G123: 160000 | H123: 160000 | P123: =SUM(D123:O123) -> 800000
A124: 119 | B124: Idris Rusmanto | C124: 2 | D124: 270000 | E124: 270000 | F124: 270000 | G124: 270000 | H124: 270000 | P124: =SUM(D124:O124) -> 1350000
A125: 120 | B125: I Gede Mustika | C125: 1 | D125: 160000 | E125: 160000 | F125: 160000 | G125: 160000 | H125: 160000 | P125: =SUM(D125:O125) -> 800000
A126: 121 | B126: Komang Astawan | C126: 1 | D126: 160000 | E126: 160000 | F126: 160000 | G126: 160000 | H126: 160000 | P126: =SUM(D126:O126) -> 800000
A127: 122 | B127: Suwitno | C127: 1 | D127: 160000 | E127: 160000 | F127: 160000 | G127: 160000 | H127: 160000 | P127: =SUM(D127:O127) -> 800000
A128: 123 | B128: Sutrisno | C128: 1 | D128: 160000 | E128: 160000 | F128: 160000 | G128: 160000 | H128: 160000 | P128: =SUM(D128:O128) -> 800000
A129: 124 | B129: Ramli | C129: 1 | D129: 160000 | E129: 160000 | F129: 160000 | G129: 160000 | H129: 160000 | P129: =SUM(D129:O129) -> 800000
... A131: 126 | B131: Sobri | C131: 1 | D131: 160000 | E131: 160000 | F131: 160000 | G131: 160000 | H131: 160000 | P131: =SUM(D131:O131) -> 800000
A132: 127 | B132: Ari Wibowo ( Kebersihan Cakung ) | C132: 1 | D132: 135000 | E132: 135000 | F132: 135000 | H132: 135000 | P132: =SUM(D132:O132) -> 540000
A133: 128 | B133: Ari Wibowo ( Produksi Kapuk) | C133: 1 | D133: 160000 | E133: 160000 | F133: 160000 | G133: 160000 | H133: 160000 | P133: =SUM(D133:O133) -> 800000
A134: 129 | B134: Dian Susanto | C134: 1 | D134: 160000 | E134: 160000 | F134: 160000 | G134: 160000 | H134: 160000 | P134: =SUM(D134:O134) -> 800000
A135: 130 | B135: Ridwan | C135: 1 | D135: 160000 | E135: 160000 | F135: 160000 | G135: 160000 | H135: 160000 | P135: =SUM(D135:O135) -> 800000
A136: 131 | B136: Rizki Munardi | C136: 1 | D136: 160000 | E136: 160000 | F136: 160000 | G136: 160000 | H136: 160000 | P136: =SUM(D136:O136) -> 800000
A137: 132 | B137: Gede Suparta | C137: 1 | D137: 35000 | E137: 135000 | F137: 135000 | H137: 135000 | P137: =SUM(D137:O137) -> 440000
A138: 133 | B138: Kadek Sudarsana | C138: 1 | D138: 160000 | E138: 160000 | F138: 160000 | G138: 160000 | H138: 160000 | P138: =SUM(D138:O138) -> 800000
A139: 134 | B139: Deri Hedriawan | C139: 1 | D139: 160000 | E139: 160000 | P139: =SUM(D139:O139) -> 320000 | Q139: Resign
A140: 135 | B140: Suratman | C140: 1 | D140: 160000 | E140: 160000 | F140: 160000 | G140: 160000 | H140: 160000 | P140: =SUM(D140:O140) -> 800000
A141: 136 | B141: Hesby Agaan | C141: 1 | D141: 160000 | E141: 160000 | F141: 160000 | G141: 160000 | H141: 160000 | P141: =SUM(D141:O141) -> 800000
A142: 137 | B142: Putu Dharma | C142: 1 | D142: 160000 | E142: 160000 | F142: 160000 | G142: 160000 | H142: 160000 | P142: =SUM(D142:O142) -> 800000
A143: 138 | B143: Ngadiono | C143: 1 | D143: 160000 | E143: 160000 | F143: 160000 | G143: 160000 | H143: 160000 | P143: =SUM(D143:O143) -> 800000
...

Sheet Rekapan Untuk Ikrom
G1: Pinjaman Barang Sekunder
G2: Pinjaman Barang Primer
G3: Pinjaman Barang Primer Harian (Meatshop)
G4: Pinjaman Daging Event Lebaran
A5: No | B5: Nama | C5: Remark | G5: Bulan | S5: Total
G6: Jan | H6: Feb | I6: Mar | J6: Apr | K6: Mei | L6: Jun | M6: Jul | N6: Ags | O6: Sep | P6: Okt | Q6: Nov | R6: Des
A8: 1 | B8: Budi Laksono | G8: ='Voucher Belanja KOKA'!D6 -> 135000 | H8: ='Voucher Belanja KOKA'!E6 -> 135000 | I8: ='Voucher Belanja KOKA'!F6 -> 135000 | J8: ='Voucher Belanja KOKA'!G6 -> 0 | K8: ='Voucher Belanja KOKA'!H6 -> 135000 | L8: ='Voucher Belanja KOKA'!I6 -> 0 | M8: ='Voucher Belanja KOKA'!J6 -> 0 | N8: ='Voucher Belanja KOKA'!K6 -> 0 | ... R8: ='Voucher Belanja KOKA'!O6 -> 0 | S8: =SUM(G8:R8) -> 540000
A9: 2 | B9: Dara Maulida | G9: ='Voucher Belanja KOKA'!D7 -> 135000 | H9: ='Voucher Belanja KOKA'!E7 -> 135000 | I9: ='Voucher Belanja KOKA'!F7 -> 135000 | J9: ='Voucher Belanja KOKA'!G7 -> 0 | K9: ='Voucher Belanja KOKA'!H7 -> 135000 | L9: ='Voucher Belanja KOKA'!I7 -> 0 | M9: ='Voucher Belanja KOKA'!J7 -> 0 | N9: ='Voucher Belanja KOKA'!K7 -> 0 | ... R9: ='Voucher Belanja KOKA'!O7 -> 0 | S9: =SUM(G9:R9) -> 540000
A10: 3 | B10: Dewi Kartini | G10: ='Voucher Belanja KOKA'!D8 -> 135000 | H10: ='Voucher Belanja KOKA'!E8 -> 135000 | I10: ='Voucher Belanja KOKA'!F8 -> 135000 | J10: ='Voucher Belanja KOKA'!G8 -> 0 | K10: ='Voucher Belanja KOKA'!H8 -> 135000 | L10: ='Voucher Belanja KOKA'!I8 -> 0 | M10: ='Voucher Belanja KOKA'!J8 -> 0 | N10: ='Voucher Belanja KOKA'!K8 -> 0 | ... R10: ='Voucher Belanja KOKA'!O8 -> 0 | S10: =SUM(G10:R10) -> 540000
A11: 4 | B11: Ferika Pujiyanti | G11: ='Voucher Belanja KOKA'!D9 -> 135000 | H11: ='Voucher Belanja KOKA'!E9 -> 135000 | I11: ='Voucher Belanja KOKA'!F9 -> 135000 | J11: ='Voucher Belanja KOKA'!G9 -> 0 | K11: ='Voucher Belanja KOKA'!H9 -> 135000 | L11: ='Voucher Belanja KOKA'!I9 -> 0 | M11: ='Voucher Belanja KOKA'!J9 -> 0 | N11: ='Voucher Belanja KOKA'!K9 -> 0 | ... R11: ='Voucher Belanja KOKA'!O9 -> 0 | S11: =SUM(G11:R11) -> 540000
A12: 5 | B12: Heni Triandini | G12: ='Voucher Belanja KOKA'!D10 -> 135000 | H12: ='Voucher Belanja KOKA'!E10 -> 135000 | I12: ='Voucher Belanja KOKA'!F10 -> 135000 | J12: ='Voucher Belanja KOKA'!G10 -> 0 | K12: ='Voucher Belanja KOKA'!H10 -> 135000 | L12: ='Voucher Belanja KOKA'!I10 -> 0 | M12: ='Voucher Belanja KOKA'!J10 -> 0 | N12: ='Voucher Belanja KOKA'!K10 -> 0 | ... R12: ='Voucher Belanja KOKA'!O10 -> 0 | S12: =SUM(G12:R12) -> 540000
A13: 6 | B13: Herda | G13: ='Voucher Belanja KOKA'!D11 -> 135000 | H13: ='Voucher Belanja KOKA'!E11 -> 135000 | I13: ='Voucher Belanja KOKA'!F11 -> 135000 | J13: ='Voucher Belanja KOKA'!G11 -> 0 | K13: ='Voucher Belanja KOKA'!H11 -> 135000 | L13: ='Voucher Belanja KOKA'!I11 -> 0 | M13: ='Voucher Belanja KOKA'!J11 -> 0 | N13: ='Voucher Belanja KOKA'!K11 -> 0 | ... R13: ='Voucher Belanja KOKA'!O11 -> 0 | S13: =SUM(G13:R13) -> 540000
A14: 7 | B14: Margono | G14: ='Voucher Belanja KOKA'!D12 -> 135000 | H14: ='Voucher Belanja KOKA'!E12 -> 135000 | I14: ='Voucher Belanja KOKA'!F12 -> 135000 | J14: ='Voucher Belanja KOKA'!G12 -> 0 | K14: ='Voucher Belanja KOKA'!H12 -> 135000 | L14: ='Voucher Belanja KOKA'!I12 -> 0 | M14: ='Voucher Belanja KOKA'!J12 -> 0 | N14: ='Voucher Belanja KOKA'!K12 -> 0 | ... R14: ='Voucher Belanja KOKA'!O12 -> 0 | S14: =SUM(G14:R14) -> 540000
A15: 8 | B15: Mohammad Rizki | G15: ='Voucher Belanja KOKA'!D13 -> 135000 | H15: ='Voucher Belanja KOKA'!E13 -> 135000 | I15: ='Voucher Belanja KOKA'!F13 -> 135000 | J15: ='Voucher Belanja KOKA'!G13 -> 0 | K15: ='Voucher Belanja KOKA'!H13 -> 135000 | L15: ='Voucher Belanja KOKA'!I13 -> 0 | M15: ='Voucher Belanja KOKA'!J13 -> 0 | N15: ='Voucher Belanja KOKA'!K13 -> 0 | ... R15: ='Voucher Belanja KOKA'!O13 -> 0 | S15: =SUM(G15:R15) -> 540000
A16: 9 | B16: Rico Septa Saputra | G16: ='Voucher Belanja KOKA'!D14 -> 135000 | H16: ='Voucher Belanja KOKA'!E14 -> 135000 | I16: ='Voucher Belanja KOKA'!F14 -> 135000 | J16: ='Voucher Belanja KOKA'!G14 -> 0 | K16: ='Voucher Belanja KOKA'!H14 -> 135000 | L16: ='Voucher Belanja KOKA'!I14 -> 0 | M16: ='Voucher Belanja KOKA'!J14 -> 0 | N16: ='Voucher Belanja KOKA'!K14 -> 0 | ... R16: ='Voucher Belanja KOKA'!O14 -> 0 | S16: =SUM(G16:R16) -> 540000
A17: 10 | B17: Arno Nugroho | G17: ='Voucher Belanja KOKA'!D15 -> 135000 | H17: ='Voucher Belanja KOKA'!E15 -> 135000 | I17: ='Voucher Belanja KOKA'!F15 -> 135000 | J17: ='Voucher Belanja KOKA'!G15 -> 0 | K17: ='Voucher Belanja KOKA'!H15 -> 135000 | L17: ='Voucher Belanja KOKA'!I15 -> 0 | M17: ='Voucher Belanja KOKA'!J15 -> 0 | N17: ='Voucher Belanja KOKA'!K15 -> 0 | ... R17: ='Voucher Belanja KOKA'!O15 -> 0 | S17: =SUM(G17:R17) -> 540000
A18: 11 | B18: Khairun Nisa | G18: ='Voucher Belanja KOKA'!D16 -> 135000 | H18: ='Voucher Belanja KOKA'!E16 -> 135000 | I18: ='Voucher Belanja KOKA'!F16 -> 135000 | J18: ='Voucher Belanja KOKA'!G16 -> 0 | K18: ='Voucher Belanja KOKA'!H16 -> 135000 | L18: ='Voucher Belanja KOKA'!I16 -> 0 | M18: ='Voucher Belanja KOKA'!J16 -> 0 | N18: ='Voucher Belanja KOKA'!K16 -> 0 | ... R18: ='Voucher Belanja KOKA'!O16 -> 0 | S18: =SUM(G18:R18) -> 540000
A19: 12 | B19: Lita Ayu Rosida | G19: ='Voucher Belanja KOKA'!D17 -> 135000 | H19: ='Voucher Belanja KOKA'!E17 -> 135000 | I19: ='Voucher Belanja KOKA'!F17 -> 135000 | J19: ='Voucher Belanja KOKA'!G17 -> 0 | K19: ='Voucher Belanja KOKA'!H17 -> 135000 | L19: ='Voucher Belanja KOKA'!I17 -> 0 | M19: ='Voucher Belanja KOKA'!J17 -> 0 | N19: ='Voucher Belanja KOKA'!K17 -> 0 | ... R19: ='Voucher Belanja KOKA'!O17 -> 0 | S19: =SUM(G19:R19) -> 540000
... A28: 21 | B28: Fellix Stephen Willa | G28: ='Voucher Belanja KOKA'!D26 -> 135000 | H28: ='Voucher Belanja KOKA'!E26 -> 135000 | I28: ='Voucher Belanja KOKA'!F26 -> 135000 | J28: ='Voucher Belanja KOKA'!G26 -> 0 | K28: ='Voucher Belanja KOKA'!H26 -> 135000 | L28: ='Voucher Belanja KOKA'!I26 -> 0 | M28: ='Voucher Belanja KOKA'!J26 -> 0 | N28: ='Voucher Belanja KOKA'!K26 -> 0 | ... R28: ='Voucher Belanja KOKA'!O26 -> 0 | S28: =SUM(G28:R28) -> 540000
A29: 22 | B29: Wawan Satriawan | G29: ='Voucher Belanja KOKA'!D27+'Pinjaman Barang Primer Harian'!C7 -> 195900 | H29: ='Voucher Belanja KOKA'!E27+'Pinjaman Barang Primer Harian'!D7 -> 135000 | I29: ='Voucher Belanja KOKA'!F27+'Pinjaman Barang Primer Harian'!E7 -> 135000 | J29: ='Voucher Belanja KOKA'!G27+'Pinjaman Barang Primer Harian'!F7 -> 0 | K29: ='Voucher Belanja KOKA'!H27+'Pinjaman Barang Primer Harian'!G7 -> 135000 | L29: ='Voucher Belanja KOKA'!I27+'Pinjaman Barang Primer Harian'!H7 -> 0 | M29: ='Voucher Belanja KOKA'!J27+'Pinjaman Barang Primer Harian'!I7 -> 0 | N29: ='Voucher Belanja KOKA'!K27+'Pinjaman Barang Primer Harian'!J7 -> 0 | ... R29: ='Voucher Belanja KOKA'!O27+'Pinjaman Barang Primer Harian'!N7 -> 0 | S29: =SUM(G29:R29) -> 600900
A30: 23 | B30: Citra Meiliana R | G30: ='Voucher Belanja KOKA'!D28 -> 135000 | H30: ='Voucher Belanja KOKA'!E28 -> 135000 | I30: ='Voucher Belanja KOKA'!F28 -> 135000 | J30: ='Voucher Belanja KOKA'!G28 -> 0 | K30: ='Voucher Belanja KOKA'!H28 -> 135000 | L30: ='Voucher Belanja KOKA'!I28 -> 0 | M30: ='Voucher Belanja KOKA'!J28 -> 0 | N30: ='Voucher Belanja KOKA'!K28 -> 0 | ... R30: ='Voucher Belanja KOKA'!O28 -> 0 | S30: =SUM(G30:R30) -> 540000
A31: 24 | B31: Septi Priawandra | G31: ='Voucher Belanja KOKA'!D29 -> 135000 | H31: ='Voucher Belanja KOKA'!E29 -> 135000 | I31: ='Voucher Belanja KOKA'!F29 -> 135000 | J31: ='Voucher Belanja KOKA'!G29 -> 0 | K31: ='Voucher Belanja KOKA'!H29 -> 135000 | L31: ='Voucher Belanja KOKA'!I29 -> 0 | M31: ='Voucher Belanja KOKA'!J29 -> 0 | N31: ='Voucher Belanja KOKA'!K29 -> 0 | ... R31: ='Voucher Belanja KOKA'!O29 -> 0 | S31: =SUM(G31:R31) -> 540000
A32: 25 | B32: Suci Nur Khasanah | G32: ='Voucher Belanja KOKA'!D30 -> 135000 | H32: ='Voucher Belanja KOKA'!E30 -> 135000 | I32: ='Voucher Belanja KOKA'!F30 -> 135000 | J32: ='Voucher Belanja KOKA'!G30 -> 0 | K32: ='Voucher Belanja KOKA'!H30 -> 135000 | L32: ='Voucher Belanja KOKA'!I30 -> 0 | M32: ='Voucher Belanja KOKA'!J30 -> 0 | N32: ='Voucher Belanja KOKA'!K30 -> 0 | ... R32: ='Voucher Belanja KOKA'!O30 -> 0 | S32: =SUM(G32:R32) -> 540000
A33: 26 | B33: Anton | G33: ='Voucher Belanja KOKA'!D31 -> 135000 | H33: ='Voucher Belanja KOKA'!E31 -> 135000 | I33: ='Voucher Belanja KOKA'!F31 -> 135000 | J33: ='Voucher Belanja KOKA'!G31 -> 0 | K33: ='Voucher Belanja KOKA'!H31 -> 135000 | L33: ='Voucher Belanja KOKA'!I31 -> 0 | M33: ='Voucher Belanja KOKA'!J31 -> 0 | N33: ='Voucher Belanja KOKA'!K31 -> 0 | ... R33: ='Voucher Belanja KOKA'!O31 -> 0 | S33: =SUM(G33:R33) -> 540000
A34: 27 | B34: Tri Iswahyudi | G34: ='Voucher Belanja KOKA'!D32 -> 135000 | H34: ='Voucher Belanja KOKA'!E32 -> 135000 | I34: ='Voucher Belanja KOKA'!F32 -> 135000 | J34: ='Voucher Belanja KOKA'!G32 -> 0 | K34: ='Voucher Belanja KOKA'!H32 -> 135000 | L34: ='Voucher Belanja KOKA'!I32 -> 0 | M34: ='Voucher Belanja KOKA'!J32 -> 0 | N34: ='Voucher Belanja KOKA'!K32 -> 0 | ... R34: ='Voucher Belanja KOKA'!O32 -> 0 | S34: =SUM(G34:R34) -> 540000
A35: 28 | B35: Mohammad Firdaus | G35: ='Voucher Belanja KOKA'!D33 -> 135000 | H35: ='Voucher Belanja KOKA'!E33 -> 135000 | I35: ='Voucher Belanja KOKA'!F33 -> 135000 | J35: ='Voucher Belanja KOKA'!G33 -> 0 | K35: ='Voucher Belanja KOKA'!H33 -> 135000 | L35: ='Voucher Belanja KOKA'!I33 -> 0 | M35: ='Voucher Belanja KOKA'!J33 -> 0 | N35: ='Voucher Belanja KOKA'!K33 -> 0 | ... R35: ='Voucher Belanja KOKA'!O33 -> 0 | S35: =SUM(G35:R35) -> 540000
A36: 29 | B36: Mohammad Ade Faiza | G36: ='Voucher Belanja KOKA'!D34 -> 135000 | H36: ='Voucher Belanja KOKA'!E34 -> 135000 | I36: ='Voucher Belanja KOKA'!F34 -> 135000 | J36: ='Voucher Belanja KOKA'!G34 -> 0 | K36: ='Voucher Belanja KOKA'!H34 -> 135000 | L36: ='Voucher Belanja KOKA'!I34 -> 0 | M36: ='Voucher Belanja KOKA'!J34 -> 0 | N36: ='Voucher Belanja KOKA'!K34 -> 0 | ... R36: ='Voucher Belanja KOKA'!O34 -> 0 | S36: =SUM(G36:R36) -> 540000
A37: 30 | B37: Taufik Hidayat | G37: ='Voucher Belanja KOKA'!D35 -> 135000 | H37: ='Voucher Belanja KOKA'!E35 -> 135000 | I37: ='Voucher Belanja KOKA'!F35 -> 135000 | J37: ='Voucher Belanja KOKA'!G35 -> 0 | K37: ='Voucher Belanja KOKA'!H35 -> 135000 | L37: ='Voucher Belanja KOKA'!I35 -> 0 | M37: ='Voucher Belanja KOKA'!J35 -> 0 | N37: ='Voucher Belanja KOKA'!K35 -> 0 | ... R37: ='Voucher Belanja KOKA'!O35 -> 0 | S37: =SUM(G37:R37) -> 540000
A38: 31 | B38: Rudi Nugroho | G38: ='Voucher Belanja KOKA'!D36 -> 135000 | H38: ='Voucher Belanja KOKA'!E36 -> 135000 | I38: ='Voucher Belanja KOKA'!F36 -> 0 | J38: ='Voucher Belanja KOKA'!G36 -> 0 | K38: ='Voucher Belanja KOKA'!H36 -> 0 | L38: ='Voucher Belanja KOKA'!I36 -> 0 | M38: ='Voucher Belanja KOKA'!J36 -> 0 | N38: ='Voucher Belanja KOKA'!K36 -> 0 | ... R38: ='Voucher Belanja KOKA'!O36 -> 0 | S38: =SUM(G38:R38) -> 270000
A39: 32 | B39: Rian Alandy | G39: ='Voucher Belanja KOKA'!D37 -> 135000 | H39: ='Voucher Belanja KOKA'!E37 -> 135000 | I39: ='Voucher Belanja KOKA'!F37 -> 135000 | J39: ='Voucher Belanja KOKA'!G37 -> 0 | K39: ='Voucher Belanja KOKA'!H37 -> 135000 | L39: ='Voucher Belanja KOKA'!I37 -> 0 | M39: ='Voucher Belanja KOKA'!J37 -> 0 | N39: ='Voucher Belanja KOKA'!K37 -> 0 | ... R39: ='Voucher Belanja KOKA'!O37 -> 0 | S39: =SUM(G39:R39) -> 540000
A40: 33 | B40: Muhammad Irham | G40: ='Voucher Belanja KOKA'!D38 -> 135000 | H40: ='Voucher Belanja KOKA'!E38 -> 135000 | I40: ='Voucher Belanja KOKA'!F38 -> 135000 | J40: ='Voucher Belanja KOKA'!G38 -> 0 | K40: ='Voucher Belanja KOKA'!H38 -> 135000 | L40: ='Voucher Belanja KOKA'!I38 -> 0 | M40: ='Voucher Belanja KOKA'!J38 -> 0 | N40: ='Voucher Belanja KOKA'!K38 -> 0 | ... R40: ='Voucher Belanja KOKA'!O38 -> 0 | S40: =SUM(G40:R40) -> 540000
A41: 34 | B41: Ahmad Zaid Mahfudi | G41: ='Voucher Belanja KOKA'!D39 -> 135000 | H41: ='Voucher Belanja KOKA'!E39 -> 135000 | I41: ='Voucher Belanja KOKA'!F39 -> 135000 | J41: ='Voucher Belanja KOKA'!G39 -> 0 | K41: ='Voucher Belanja KOKA'!H39 -> 135000 | L41: ='Voucher Belanja KOKA'!I39 -> 0 | M41: ='Voucher Belanja KOKA'!J39 -> 0 | N41: ='Voucher Belanja KOKA'!K39 -> 0 | ... R41: ='Voucher Belanja KOKA'!O39 -> 0 | S41: =SUM(G41:R41) -> 540000
... A43: 36 | B43: Arief Indrawan | G43: ='Voucher Belanja KOKA'!D41 -> 135000 | H43: ='Voucher Belanja KOKA'!E41 -> 135000 | I43: ='Voucher Belanja KOKA'!F41 -> 135000 | J43: ='Voucher Belanja KOKA'!G41 -> 0 | K43: ='Voucher Belanja KOKA'!H41 -> 135000 | L43: ='Voucher Belanja KOKA'!I41 -> 0 | M43: ='Voucher Belanja KOKA'!J41 -> 0 | N43: ='Voucher Belanja KOKA'!K41 -> 0 | ... R43: ='Voucher Belanja KOKA'!O41 -> 0 | S43: =SUM(G43:R43) -> 540000
A44: 37 | B44: Arsim | G44: ='Voucher Belanja KOKA'!D42 -> 135000 | H44: ='Voucher Belanja KOKA'!E42 -> 135000 | I44: ='Voucher Belanja KOKA'!F42+'Pinjaman Barang Primer Harian'!E11 -> 279900 | J44: ='Voucher Belanja KOKA'!G42 -> 0 | K44: ='Voucher Belanja KOKA'!H42 -> 135000 | L44: ='Voucher Belanja KOKA'!I42 -> 0 | M44: ='Voucher Belanja KOKA'!J42 -> 0 | N44: ='Voucher Belanja KOKA'!K42 -> 0 | O44: ='Voucher Belanja KOKA'!L42 -> 0 | P44: ='Voucher Belanja KOKA'!M42 -> 0 | Q44: ='Voucher Belanja KOKA'!N42 -> 0 | R44: ='Voucher Belanja KOKA'!O42 -> 0 | S44: =SUM(G44:R44) -> 684900
A45: 38 | B45: Didi Rahmat | G45: ='Voucher Belanja KOKA'!D43 -> 135000 | H45: ='Voucher Belanja KOKA'!E43 -> 135000 | I45: ='Voucher Belanja KOKA'!F43 -> 135000 | J45: ='Voucher Belanja KOKA'!G43 -> 0 | K45: ='Voucher Belanja KOKA'!H43 -> 135000 | L45: ='Voucher Belanja KOKA'!I43 -> 0 | M45: ='Voucher Belanja KOKA'!J43 -> 0 | N45: ='Voucher Belanja KOKA'!K43 -> 0 | ... R45: ='Voucher Belanja KOKA'!O43 -> 0 | S45: =SUM(G45:R45) -> 540000
A46: 39 | B46: Eka Yanuar Santosa | G46: ='Voucher Belanja KOKA'!D44 -> 135000 | H46: ='Voucher Belanja KOKA'!E44 -> 135000 | I46: ='Voucher Belanja KOKA'!F44 -> 135000 | J46: ='Voucher Belanja KOKA'!G44 -> 0 | K46: ='Voucher Belanja KOKA'!H44 -> 135000 | L46: ='Voucher Belanja KOKA'!I44 -> 0 | M46: ='Voucher Belanja KOKA'!J44 -> 0 | N46: ='Voucher Belanja KOKA'!K44 -> 0 | ... R46: ='Voucher Belanja KOKA'!O44 -> 0 | S46: =SUM(G46:R46) -> 540000
A47: 40 | B47: Heru Sri Margono | G47: ='Voucher Belanja KOKA'!D45 -> 135000 | H47: ='Voucher Belanja KOKA'!E45 -> 135000 | I47: ='Voucher Belanja KOKA'!F45 -> 135000 | J47: ='Voucher Belanja KOKA'!G45 -> 0 | K47: ='Voucher Belanja KOKA'!H45 -> 135000 | L47: ='Voucher Belanja KOKA'!I45 -> 0 | M47: ='Voucher Belanja KOKA'!J45 -> 0 | N47: ='Voucher Belanja KOKA'!K45 -> 0 | ... R47: ='Voucher Belanja KOKA'!O45 -> 0 | S47: =SUM(G47:R47) -> 540000
A48: 41 | B48: Keren | G48: ='Voucher Belanja KOKA'!D46 -> 135000 | H48: ='Voucher Belanja KOKA'!E46 -> 135000 | I48: ='Voucher Belanja KOKA'!F46 -> 135000 | J48: ='Voucher Belanja KOKA'!G46 -> 0 | K48: ='Voucher Belanja KOKA'!H46 -> 135000 | L48: ='Voucher Belanja KOKA'!I46 -> 0 | M48: ='Voucher Belanja KOKA'!J46 -> 0 | N48: ='Voucher Belanja KOKA'!K46 -> 0 | ... R48: ='Voucher Belanja KOKA'!O46 -> 0 | S48: =SUM(G48:R48) -> 540000
A49: 42 | B49: Muhammad Dzil Ikram Jani | G49: ='Voucher Belanja KOKA'!D47 -> 135000 | H49: ='Voucher Belanja KOKA'!E47 -> 135000 | I49: ='Voucher Belanja KOKA'!F47 -> 135000 | J49: ='Voucher Belanja KOKA'!G47 -> 0 | K49: ='Voucher Belanja KOKA'!H47 -> 135000 | L49: ='Voucher Belanja KOKA'!I47 -> 0 | M49: ='Voucher Belanja KOKA'!J47 -> 0 | N49: ='Voucher Belanja KOKA'!K47 -> 0 | ... R49: ='Voucher Belanja KOKA'!O47 -> 0 | S49: =SUM(G49:R49) -> 540000
A50: 43 | B50: Taufiqurrahman | G50: ='Voucher Belanja KOKA'!D48 -> 135000 | H50: ='Voucher Belanja KOKA'!E48 -> 135000 | I50: ='Voucher Belanja KOKA'!F48 -> 135000 | J50: ='Voucher Belanja KOKA'!G48 -> 0 | K50: ='Voucher Belanja KOKA'!H48 -> 135000 | L50: ='Voucher Belanja KOKA'!I48 -> 0 | M50: ='Voucher Belanja KOKA'!J48 -> 0 | N50: ='Voucher Belanja KOKA'!K48 -> 0 | ... R50: ='Voucher Belanja KOKA'!O48 -> 0 | S50: =SUM(G50:R50) -> 540000
A51: 44 | B51: Tri Indriyani | G51: ='Voucher Belanja KOKA'!D49 -> 135000 | H51: ='Voucher Belanja KOKA'!E49 -> 135000 | I51: ='Voucher Belanja KOKA'!F49 -> 135000 | J51: ='Voucher Belanja KOKA'!G49 -> 0 | K51: ='Voucher Belanja KOKA'!H49 -> 135000 | L51: ='Voucher Belanja KOKA'!I49 -> 0 | M51: ='Voucher Belanja KOKA'!J49 -> 0 | N51: ='Voucher Belanja KOKA'!K49 -> 0 | ... R51: ='Voucher Belanja KOKA'!O49 -> 0 | S51: =SUM(G51:R51) -> 540000
A52: 45 | B52: Mumuh Mulyawan | G52: ='Voucher Belanja KOKA'!D50 -> 135000 | H52: ='Voucher Belanja KOKA'!E50 -> 135000 | I52: ='Voucher Belanja KOKA'!F50 -> 135000 | J52: ='Voucher Belanja KOKA'!G50 -> 0 | K52: ='Voucher Belanja KOKA'!H50 -> 135000 | L52: ='Voucher Belanja KOKA'!I50 -> 0 | M52: ='Voucher Belanja KOKA'!J50 -> 0 | N52: ='Voucher Belanja KOKA'!K50 -> 0 | ... R52: ='Voucher Belanja KOKA'!O50 -> 0 | S52: =SUM(G52:R52) -> 540000
A53: 46 | B53: Rio Candra | G53: ='Voucher Belanja KOKA'!D51 -> 135000 | H53: ='Voucher Belanja KOKA'!E51 -> 135000 | I53: ='Voucher Belanja KOKA'!F51 -> 135000 | J53: ='Voucher Belanja KOKA'!G51 -> 0 | K53: ='Voucher Belanja KOKA'!H51 -> 135000 | L53: ='Voucher Belanja KOKA'!I51 -> 0 | M53: ='Voucher Belanja KOKA'!J51 -> 0 | N53: ='Voucher Belanja KOKA'!K51 -> 0 | ... R53: ='Voucher Belanja KOKA'!O51 -> 0 | S53: =SUM(G53:R53) -> 540000
A54: 47 | B54: Sri Wahyuningsih | G54: ='Voucher Belanja KOKA'!D52 -> 135000 | H54: ='Voucher Belanja KOKA'!E52 -> 135000 | I54: ='Voucher Belanja KOKA'!F52 -> 135000 | J54: ='Voucher Belanja KOKA'!G52 -> 0 | K54: ='Voucher Belanja KOKA'!H52 -> 135000 | L54: ='Voucher Belanja KOKA'!I52 -> 0 | M54: ='Voucher Belanja KOKA'!J52 -> 0 | N54: ='Voucher Belanja KOKA'!K52 -> 0 | ... R54: ='Voucher Belanja KOKA'!O52 -> 0 | S54: =SUM(G54:R54) -> 540000
A55: 48 | B55: Alan Louby Van Houten | G55: ='Voucher Belanja KOKA'!D53 -> 135000 | H55: ='Voucher Belanja KOKA'!E53 -> 135000 | I55: ='Voucher Belanja KOKA'!F53 -> 135000 | J55: ='Voucher Belanja KOKA'!G53 -> 0 | K55: ='Voucher Belanja KOKA'!H53 -> 135000 | L55: ='Voucher Belanja KOKA'!I53 -> 0 | M55: ='Voucher Belanja KOKA'!J53 -> 0 | N55: ='Voucher Belanja KOKA'!K53 -> 0 | ... R55: ='Voucher Belanja KOKA'!O53 -> 0 | S55: =SUM(G55:R55) -> 540000
A56: 49 | B56: Widi Kurnianto | G56: ='Voucher Belanja KOKA'!D54 -> 135000 | H56: ='Voucher Belanja KOKA'!E54 -> 135000 | I56: ='Voucher Belanja KOKA'!F54 -> 135000 | J56: ='Voucher Belanja KOKA'!G54 -> 0 | K56: ='Voucher Belanja KOKA'!H54 -> 135000 | L56: ='Voucher Belanja KOKA'!I54 -> 0 | M56: ='Voucher Belanja KOKA'!J54 -> 0 | N56: ='Voucher Belanja KOKA'!K54 -> 0 | ... R56: ='Voucher Belanja KOKA'!O54 -> 0 | S56: =SUM(G56:R56) -> 540000
A57: 50 | B57: Jamsari Bin Misnan | G57: ='Voucher Belanja KOKA'!D55 -> 135000 | H57: ='Voucher Belanja KOKA'!E55 -> 135000 | I57: ='Voucher Belanja KOKA'!F55+'Pinjaman Barang Primer Harian'!E12 -> 391200 | J57: ='Voucher Belanja KOKA'!G55 -> 0 | K57: ='Voucher Belanja KOKA'!H55 -> 135000 | L57: ='Voucher Belanja KOKA'!I55 -> 0 | M57: ='Voucher Belanja KOKA'!J55 -> 0 | N57: ='Voucher Belanja KOKA'!K55 -> 0 | O57: ='Voucher Belanja KOKA'!L55 -> 0 | P57: ='Voucher Belanja KOKA'!M55 -> 0 | Q57: ='Voucher Belanja KOKA'!N55 -> 0 | R57: ='Voucher Belanja KOKA'!O55 -> 0 | S57: =SUM(G57:R57) -> 796200
A58: 51 | B58: Nowo Susiyanto | G58: ='Voucher Belanja KOKA'!D56 -> 135000 | H58: ='Voucher Belanja KOKA'!E56 -> 135000 | I58: ='Voucher Belanja KOKA'!F56 -> 135000 | J58: ='Voucher Belanja KOKA'!G56 -> 0 | K58: ='Voucher Belanja KOKA'!H56 -> 135000 | L58: ='Voucher Belanja KOKA'!I56 -> 0 | M58: ='Voucher Belanja KOKA'!J56 -> 0 | N58: ='Voucher Belanja KOKA'!K56 -> 0 | ... R58: ='Voucher Belanja KOKA'!O56 -> 0 | S58: =SUM(G58:R58) -> 540000
A59: 52 | B59: Widodo | G59: ='Voucher Belanja KOKA'!D57 -> 135000 | H59: ='Voucher Belanja KOKA'!E57 -> 135000 | I59: ='Voucher Belanja KOKA'!F57 -> 135000 | J59: ='Voucher Belanja KOKA'!G57 -> 0 | K59: ='Voucher Belanja KOKA'!H57 -> 135000 | L59: ='Voucher Belanja KOKA'!I57 -> 0 | M59: ='Voucher Belanja KOKA'!J57 -> 0 | N59: ='Voucher Belanja KOKA'!K57 -> 0 | ... R59: ='Voucher Belanja KOKA'!O57 -> 0 | S59: =SUM(G59:R59) -> 540000
A60: 53 | B60: Winardoyo | G60: ='Voucher Belanja KOKA'!D58 -> 135000 | H60: ='Voucher Belanja KOKA'!E58 -> 135000 | I60: ='Voucher Belanja KOKA'!F58 -> 135000 | J60: ='Voucher Belanja KOKA'!G58 -> 0 | K60: ='Voucher Belanja KOKA'!H58 -> 135000 | L60: ='Voucher Belanja KOKA'!I58 -> 0 | M60: ='Voucher Belanja KOKA'!J58 -> 0 | N60: ='Voucher Belanja KOKA'!K58 -> 0 | ... R60: ='Voucher Belanja KOKA'!O58 -> 0 | S60: =SUM(G60:R60) -> 540000
A61: 54 | B61: Dehur | G61: ='Voucher Belanja KOKA'!D59 -> 135000 | H61: ='Voucher Belanja KOKA'!E59 -> 135000 | I61: ='Voucher Belanja KOKA'!F59 -> 135000 | J61: ='Voucher Belanja KOKA'!G59 -> 0 | K61: ='Voucher Belanja KOKA'!H59 -> 135000 | L61: ='Voucher Belanja KOKA'!I59 -> 0 | M61: ='Voucher Belanja KOKA'!J59 -> 0 | N61: ='Voucher Belanja KOKA'!K59 -> 0 | ... R61: ='Voucher Belanja KOKA'!O59 -> 0 | S61: =SUM(G61:R61) -> 540000
A62: 55 | B62: Muhammad Topan | G62: ='Voucher Belanja KOKA'!D60 -> 135000 | H62: ='Voucher Belanja KOKA'!E60 -> 135000 | I62: ='Voucher Belanja KOKA'!F60 -> 135000 | J62: ='Voucher Belanja KOKA'!G60 -> 0 | K62: ='Voucher Belanja KOKA'!H60 -> 135000 | L62: ='Voucher Belanja KOKA'!I60 -> 0 | M62: ='Voucher Belanja KOKA'!J60 -> 0 | N62: ='Voucher Belanja KOKA'!K60 -> 0 | ... R62: ='Voucher Belanja KOKA'!O60 -> 0 | S62: =SUM(G62:R62) -> 540000
A63: 56 | B63: Andri Kurniawan | G63: ='Voucher Belanja KOKA'!D61 -> 135000 | H63: ='Voucher Belanja KOKA'!E61 -> 135000 | I63: ='Voucher Belanja KOKA'!F61 -> 135000 | J63: ='Voucher Belanja KOKA'!G61 -> 0 | K63: ='Voucher Belanja KOKA'!H61 -> 135000 | L63: ='Voucher Belanja KOKA'!I61 -> 0 | M63: ='Voucher Belanja KOKA'!J61 -> 0 | N63: ='Voucher Belanja KOKA'!K61 -> 0 | ... R63: ='Voucher Belanja KOKA'!O61 -> 0 | S63: =SUM(G63:R63) -> 540000
A64: 57 | B64: Faisal Amri | G64: ='Voucher Belanja KOKA'!D62 -> 135000 | H64: ='Voucher Belanja KOKA'!E62 -> 135000 | I64: ='Voucher Belanja KOKA'!F62 -> 135000 | J64: ='Voucher Belanja KOKA'!G62 -> 0 | K64: ='Voucher Belanja KOKA'!H62 -> 135000 | L64: ='Voucher Belanja KOKA'!I62 -> 0 | M64: ='Voucher Belanja KOKA'!J62 -> 0 | N64: ='Voucher Belanja KOKA'!K62 -> 0 | ... R64: ='Voucher Belanja KOKA'!O62 -> 0 | S64: =SUM(G64:R64) -> 540000
A65: 58 | B65: Wiyan Eko Supriyanto | G65: ='Voucher Belanja KOKA'!D63 -> 135000 | H65: ='Voucher Belanja KOKA'!E63 -> 135000 | I65: ='Voucher Belanja KOKA'!F63 -> 135000 | J65: ='Voucher Belanja KOKA'!G63 -> 0 | K65: ='Voucher Belanja KOKA'!H63 -> 135000 | L65: ='Voucher Belanja KOKA'!I63 -> 0 | M65: ='Voucher Belanja KOKA'!J63 -> 0 | N65: ='Voucher Belanja KOKA'!K63 -> 0 | ... R65: ='Voucher Belanja KOKA'!O63 -> 0 | S65: =SUM(G65:R65) -> 540000
A66: 59 | B66: Ir. Okto Hendri Fahlefi | G66: ='Voucher Belanja KOKA'!D64 -> 135000 | H66: ='Voucher Belanja KOKA'!E64 -> 135000 | I66: ='Voucher Belanja KOKA'!F64 -> 135000 | J66: ='Voucher Belanja KOKA'!G64 -> 0 | K66: ='Voucher Belanja KOKA'!H64 -> 135000 | L66: ='Voucher Belanja KOKA'!I64 -> 0 | M66: ='Voucher Belanja KOKA'!J64 -> 0 | N66: ='Voucher Belanja KOKA'!K64 -> 0 | ... R66: ='Voucher Belanja KOKA'!O64 -> 0 | S66: =SUM(G66:R66) -> 540000
A67: 60 | B67: Akbar Fadhil | G67: ='Voucher Belanja KOKA'!D65 -> 135000 | H67: ='Voucher Belanja KOKA'!E65 -> 135000 | I67: ='Voucher Belanja KOKA'!F65 -> 135000 | J67: ='Voucher Belanja KOKA'!G65 -> 0 | K67: ='Voucher Belanja KOKA'!H65 -> 135000 | L67: ='Voucher Belanja KOKA'!I65 -> 0 | M67: ='Voucher Belanja KOKA'!J65 -> 0 | N67: ='Voucher Belanja KOKA'!K65 -> 0 | ... R67: ='Voucher Belanja KOKA'!O65 -> 0 | S67: =SUM(G67:R67) -> 540000
A68: 61 | B68: Ahmad Fauzi | G68: ='Voucher Belanja KOKA'!D66 -> 135000 | H68: ='Voucher Belanja KOKA'!E66 -> 135000 | I68: ='Voucher Belanja KOKA'!F66 -> 135000 | J68: ='Voucher Belanja KOKA'!G66 -> 0 | K68: ='Voucher Belanja KOKA'!H66 -> 135000 | L68: ='Voucher Belanja KOKA'!I66 -> 0 | M68: ='Voucher Belanja KOKA'!J66 -> 0 | N68: ='Voucher Belanja KOKA'!K66 -> 0 | ... R68: ='Voucher Belanja KOKA'!O66 -> 0 | S68: =SUM(G68:R68) -> 540000
A69: 62 | B69: Andung Juanda | G69: ='Voucher Belanja KOKA'!D67 -> 135000 | H69: ='Voucher Belanja KOKA'!E67 -> 135000 | I69: ='Voucher Belanja KOKA'!F67 -> 135000 | J69: ='Voucher Belanja KOKA'!G67 -> 0 | K69: ='Voucher Belanja KOKA'!H67 -> 135000 | L69: ='Voucher Belanja KOKA'!I67 -> 0 | M69: ='Voucher Belanja KOKA'!J67 -> 0 | N69: ='Voucher Belanja KOKA'!K67 -> 0 | ... R69: ='Voucher Belanja KOKA'!O67 -> 0 | S69: =SUM(G69:R69) -> 540000
... A84: 77 | B84: Marhasan | G84: ='Voucher Belanja KOKA'!D82 -> 135000 | H84: ='Voucher Belanja KOKA'!E82 -> 135000 | I84: ='Voucher Belanja KOKA'!F82 -> 135000 | J84: ='Voucher Belanja KOKA'!G82 -> 0 | K84: ='Voucher Belanja KOKA'!H82 -> 135000 | L84: ='Voucher Belanja KOKA'!I82 -> 0 | M84: ='Voucher Belanja KOKA'!J82 -> 0 | N84: ='Voucher Belanja KOKA'!K82 -> 0 | ... R84: ='Voucher Belanja KOKA'!O82 -> 0 | S84: =SUM(G84:R84) -> 540000
A85: 78 | B85: Rudiansyah | G85: ='Voucher Belanja KOKA'!D83+'Pinjaman Barang Sekunder'!K5 -> 400000 | H85: ='Voucher Belanja KOKA'!E83+'Pinjaman Barang Sekunder'!L5 -> 400000 | I85: ='Voucher Belanja KOKA'!F83+'Pinjaman Barang Sekunder'!M5 -> 400000 | J85: ='Voucher Belanja KOKA'!G83+'Pinjaman Barang Sekunder'!N5 -> 0 | K85: ='Voucher Belanja KOKA'!H83+'Pinjaman Barang Sekunder'!O5 -> 135000 | L85: ='Voucher Belanja KOKA'!I83+'Pinjaman Barang Sekunder'!P5 -> 0 | M85: ='Voucher Belanja KOKA'!J83+'Pinjaman Barang Sekunder'!Q5 -> 0 | N85: ='Voucher Belanja KOKA'!K83+'Pinjaman Barang Sekunder'!R5 -> 0 | ... R85: ='Voucher Belanja KOKA'!O83+'Pinjaman Barang Sekunder'!V5 -> 0 | S85: =SUM(G85:R85) -> 1335000
A86: 79 | B86: Iskandar Sulistiyanto | G86: ='Voucher Belanja KOKA'!D84 -> 135000 | H86: ='Voucher Belanja KOKA'!E84 -> 135000 | I86: ='Voucher Belanja KOKA'!F84 -> 135000 | J86: ='Voucher Belanja KOKA'!G84 -> 0 | K86: ='Voucher Belanja KOKA'!H84 -> 135000 | L86: ='Voucher Belanja KOKA'!I84 -> 0 | M86: ='Voucher Belanja KOKA'!J84 -> 0 | N86: ='Voucher Belanja KOKA'!K84 -> 0 | ... R86: ='Voucher Belanja KOKA'!O84 -> 0 | S86: =SUM(G86:R86) -> 540000
A87: 80 | B87: Repki Arianto | G87: ='Voucher Belanja KOKA'!D85 -> 135000 | H87: ='Voucher Belanja KOKA'!E85 -> 135000 | I87: ='Voucher Belanja KOKA'!F85 -> 135000 | J87: ='Voucher Belanja KOKA'!G85 -> 0 | K87: ='Voucher Belanja KOKA'!H85 -> 135000 | L87: ='Voucher Belanja KOKA'!I85 -> 0 | M87: ='Voucher Belanja KOKA'!J85 -> 0 | N87: ='Voucher Belanja KOKA'!K85 -> 0 | ... R87: ='Voucher Belanja KOKA'!O85 -> 0 | S87: =SUM(G87:R87) -> 540000
A88: 81 | B88: Sudari | G88: ='Voucher Belanja KOKA'!D86 -> 135000 | H88: ='Voucher Belanja KOKA'!E86 -> 135000 | I88: ='Voucher Belanja KOKA'!F86 -> 135000 | J88: ='Voucher Belanja KOKA'!G86 -> 0 | K88: ='Voucher Belanja KOKA'!H86 -> 135000 | L88: ='Voucher Belanja KOKA'!I86 -> 0 | M88: ='Voucher Belanja KOKA'!J86 -> 0 | N88: ='Voucher Belanja KOKA'!K86 -> 0 | ... R88: ='Voucher Belanja KOKA'!O86 -> 0 | S88: =SUM(G88:R88) -> 540000
A89: 82 | B89: Diki Firmansyah | G89: ='Voucher Belanja KOKA'!D87 -> 135000 | H89: ='Voucher Belanja KOKA'!E87 -> 135000 | I89: ='Voucher Belanja KOKA'!F87 -> 135000 | J89: ='Voucher Belanja KOKA'!G87 -> 0 | K89: ='Voucher Belanja KOKA'!H87 -> 135000 | L89: ='Voucher Belanja KOKA'!I87 -> 0 | M89: ='Voucher Belanja KOKA'!J87 -> 0 | N89: ='Voucher Belanja KOKA'!K87 -> 0 | ... R89: ='Voucher Belanja KOKA'!O87 -> 0 | S89: =SUM(G89:R89) -> 540000
A90: 83 | B90: Yonatan Banobe | G90: ='Voucher Belanja KOKA'!D88 -> 135000 | H90: ='Voucher Belanja KOKA'!E88 -> 135000 | I90: ='Voucher Belanja KOKA'!F88 -> 0 | J90: ='Voucher Belanja KOKA'!G88 -> 0 | K90: ='Voucher Belanja KOKA'!H88 -> 0 | L90: ='Voucher Belanja KOKA'!I88 -> 0 | M90: ='Voucher Belanja KOKA'!J88 -> 0 | N90: ='Voucher Belanja KOKA'!K88 -> 0 | ... R90: ='Voucher Belanja KOKA'!O88 -> 0 | S90: =SUM(G90:R90) -> 270000
A91: 84 | B91: Ir. Djoko Maryono | G91: ='Voucher Belanja KOKA'!D89 -> 135000 | H91: ='Voucher Belanja KOKA'!E89 -> 135000 | I91: ='Voucher Belanja KOKA'!F89 -> 135000 | J91: ='Voucher Belanja KOKA'!G89 -> 0 | K91: ='Voucher Belanja KOKA'!H89 -> 135000 | L91: ='Voucher Belanja KOKA'!I89 -> 0 | M91: ='Voucher Belanja KOKA'!J89 -> 0 | N91: ='Voucher Belanja KOKA'!K89 -> 0 | ... R91: ='Voucher Belanja KOKA'!O89 -> 0 | S91: =SUM(G91:R91) -> 540000
A92: 85 | B92: Ismail | G92: ='Voucher Belanja KOKA'!D90+'Pinjaman Barang Primer Harian'!C8 -> 1012900 | H92: ='Voucher Belanja KOKA'!E90+'Pinjaman Barang Primer Harian'!D8 -> 911580 | I92: ='Voucher Belanja KOKA'!F90+'Pinjaman Barang Primer Harian'!E8 -> 135000 | J92: ='Voucher Belanja KOKA'!G90+'Pinjaman Barang Primer Harian'!F8 -> 425250 | K92: ='Voucher Belanja KOKA'!H90+'Pinjaman Barang Primer Harian'!G8 -> 341000 | L92: ='Voucher Belanja KOKA'!I90+'Pinjaman Barang Primer Harian'!H8 -> 0 | M92: ='Voucher Belanja KOKA'!J90+'Pinjaman Barang Primer Harian'!I8 -> 1003800 | N92: ='Voucher Belanja KOKA'!K90+'Pinjaman Barang Primer Harian'!J8 -> 245490 | ... R92: ='Voucher Belanja KOKA'!O90+'Pinjaman Barang Primer Harian'!N8 -> 0 | S92: =SUM(G92:R92) -> 4075020
A93: 86 | B93: Riana Merry Natalia | G93: ='Voucher Belanja KOKA'!D91 -> 135000 | H93: ='Voucher Belanja KOKA'!E91 -> 135000 | I93: ='Voucher Belanja KOKA'!F91 -> 135000 | J93: ='Voucher Belanja KOKA'!G91 -> 0 | K93: ='Voucher Belanja KOKA'!H91 -> 135000 | L93: ='Voucher Belanja KOKA'!I91 -> 0 | M93: ='Voucher Belanja KOKA'!J91 -> 0 | N93: ='Voucher Belanja KOKA'!K91 -> 0 | ... R93: ='Voucher Belanja KOKA'!O91 -> 0 | S93: =SUM(G93:R93) -> 540000
A94: 87 | B94: S u d a d i | G94: ='Voucher Belanja KOKA'!D92 -> 135000 | H94: ='Voucher Belanja KOKA'!E92 -> 135000 | I94: ='Voucher Belanja KOKA'!F92 -> 135000 | J94: ='Voucher Belanja KOKA'!G92 -> 0 | K94: ='Voucher Belanja KOKA'!H92 -> 135000 | L94: ='Voucher Belanja KOKA'!I92 -> 0 | M94: ='Voucher Belanja KOKA'!J92 -> 0 | N94: ='Voucher Belanja KOKA'!K92 -> 0 | ... R94: ='Voucher Belanja KOKA'!O92 -> 0 | S94: =SUM(G94:R94) -> 540000
A95: 88 | B95: Didi Tarmudi | G95: ='Voucher Belanja KOKA'!D93 -> 135000 | H95: ='Voucher Belanja KOKA'!E93 -> 135000 | I95: ='Voucher Belanja KOKA'!F93 -> 0 | J95: ='Voucher Belanja KOKA'!G93 -> 0 | K95: ='Voucher Belanja KOKA'!H93 -> 0 | L95: ='Voucher Belanja KOKA'!I93 -> 0 | M95: ='Voucher Belanja KOKA'!J93 -> 0 | N95: ='Voucher Belanja KOKA'!K93 -> 0 | ... R95: ='Voucher Belanja KOKA'!O93 -> 0 | S95: =SUM(G95:R95) -> 270000
A96: 89 | B96: Toni | G96: ='Voucher Belanja KOKA'!D94 -> 135000 | H96: ='Voucher Belanja KOKA'!E94 -> 135000 | I96: ='Voucher Belanja KOKA'!F94 -> 135000 | J96: ='Voucher Belanja KOKA'!G94 -> 0 | K96: ='Voucher Belanja KOKA'!H94 -> 135000 | L96: ='Voucher Belanja KOKA'!I94 -> 0 | M96: ='Voucher Belanja KOKA'!J94 -> 0 | N96: ='Voucher Belanja KOKA'!K94 -> 0 | ... R96: ='Voucher Belanja KOKA'!O94 -> 0 | S96: =SUM(G96:R96) -> 540000
A97: 90 | B97: Rohaedi | G97: ='Voucher Belanja KOKA'!D95 -> 135000 | H97: ='Voucher Belanja KOKA'!E95 -> 135000 | I97: ='Voucher Belanja KOKA'!F95 -> 135000 | J97: ='Voucher Belanja KOKA'!G95 -> 0 | K97: ='Voucher Belanja KOKA'!H95 -> 135000 | L97: ='Voucher Belanja KOKA'!I95 -> 0 | M97: ='Voucher Belanja KOKA'!J95 -> 0 | N97: ='Voucher Belanja KOKA'!K95 -> 0 | ... R97: ='Voucher Belanja KOKA'!O95 -> 0 | S97: =SUM(G97:R97) -> 540000
A98: 91 | B98: Ahmad Jamaludin | G98: ='Voucher Belanja KOKA'!D96 -> 160000 | H98: ='Voucher Belanja KOKA'!E96 -> 160000 | I98: ='Voucher Belanja KOKA'!F96 -> 160000 | J98: ='Voucher Belanja KOKA'!G96 -> 160000 | K98: ='Voucher Belanja KOKA'!H96 -> 160000 | L98: ='Voucher Belanja KOKA'!I96 -> 0 | M98: ='Voucher Belanja KOKA'!J96 -> 0 | N98: ='Voucher Belanja KOKA'!K96 -> 0 | ... R98: ='Voucher Belanja KOKA'!O96 -> 0 | S98: =SUM(G98:R98) -> 800000
A99: 92 | B99: Rahmat Zaeni | G99: ='Voucher Belanja KOKA'!D97 -> 160000 | H99: ='Voucher Belanja KOKA'!E97 -> 160000 | I99: ='Voucher Belanja KOKA'!F97 -> 160000 | J99: ='Voucher Belanja KOKA'!G97 -> 160000 | K99: ='Voucher Belanja KOKA'!H97 -> 160000 | L99: ='Voucher Belanja KOKA'!I97 -> 0 | M99: ='Voucher Belanja KOKA'!J97 -> 0 | N99: ='Voucher Belanja KOKA'!K97 -> 0 | ... R99: ='Voucher Belanja KOKA'!O97 -> 0 | S99: =SUM(G99:R99) -> 800000
A100: 93 | B100: Sugiyatwoko | G100: ='Voucher Belanja KOKA'!D98 -> 160000 | H100: ='Voucher Belanja KOKA'!E98 -> 160000 | I100: ='Voucher Belanja KOKA'!F98 -> 160000 | J100: ='Voucher Belanja KOKA'!G98 -> 160000 | K100: ='Voucher Belanja KOKA'!H98 -> 160000 | L100: ='Voucher Belanja KOKA'!I98 -> 0 | M100: ='Voucher Belanja KOKA'!J98 -> 0 | N100: ='Voucher Belanja KOKA'!K98 -> 0 | ... R100: ='Voucher Belanja KOKA'!O98 -> 0 | S100: =SUM(G100:R100) -> 800000
A101: 94 | B101: Slamet | G101: ='Voucher Belanja KOKA'!D99 -> 160000 | H101: ='Voucher Belanja KOKA'!E99 -> 160000 | I101: ='Voucher Belanja KOKA'!F99 -> 160000 | J101: ='Voucher Belanja KOKA'!G99 -> 160000 | K101: ='Voucher Belanja KOKA'!H99 -> 160000 | L101: ='Voucher Belanja KOKA'!I99 -> 0 | M101: ='Voucher Belanja KOKA'!J99 -> 0 | N101: ='Voucher Belanja KOKA'!K99 -> 0 | ... R101: ='Voucher Belanja KOKA'!O99 -> 0 | S101: =SUM(G101:R101) -> 800000
A102: 95 | B102: Dadi Muhamad Mulyadi | G102: ='Voucher Belanja KOKA'!D100+'Pinjaman Barang Sekunder'!K6 -> 520000 | H102: ='Voucher Belanja KOKA'!E100+'Pinjaman Barang Sekunder'!L6 -> 520000 | I102: ='Voucher Belanja KOKA'!F100+'Pinjaman Barang Sekunder'!M6 -> 520000 | J102: ='Voucher Belanja KOKA'!G100+'Pinjaman Barang Sekunder'!N6 -> 520000 | K102: ='Voucher Belanja KOKA'!H100+'Pinjaman Barang Sekunder'!O6 -> 160000 | L102: ='Voucher Belanja KOKA'!I100+'Pinjaman Barang Sekunder'!P6 -> 0 | M102: ='Voucher Belanja KOKA'!J100+'Pinjaman Barang Sekunder'!Q6 -> 0 | N102: ='Voucher Belanja KOKA'!K100+'Pinjaman Barang Sekunder'!R6 -> 0 | ... R102: ='Voucher Belanja KOKA'!O100+'Pinjaman Barang Sekunder'!V6 -> 0 | S102: =SUM(G102:R102) -> 2240000
A103: 96 | B103: Teolenta | G103: ='Voucher Belanja KOKA'!D101 -> 160000 | H103: ='Voucher Belanja KOKA'!E101 -> 160000 | I103: ='Voucher Belanja KOKA'!F101 -> 160000 | J103: ='Voucher Belanja KOKA'!G101 -> 160000 | K103: ='Voucher Belanja KOKA'!H101 -> 160000 | L103: ='Voucher Belanja KOKA'!I101 -> 0 | M103: ='Voucher Belanja KOKA'!J101 -> 0 | N103: ='Voucher Belanja KOKA'!K101 -> 0 | ... R103: ='Voucher Belanja KOKA'!O101 -> 0 | S103: =SUM(G103:R103) -> 800000
A104: 97 | B104: Suwarno | G104: ='Voucher Belanja KOKA'!D102 -> 160000 | H104: ='Voucher Belanja KOKA'!E102 -> 160000 | I104: ='Voucher Belanja KOKA'!F102 -> 160000 | J104: ='Voucher Belanja KOKA'!G102 -> 160000 | K104: ='Voucher Belanja KOKA'!H102 -> 160000 | L104: ='Voucher Belanja KOKA'!I102 -> 0 | M104: ='Voucher Belanja KOKA'!J102 -> 0 | N104: ='Voucher Belanja KOKA'!K102 -> 0 | ... R104: ='Voucher Belanja KOKA'!O102 -> 0 | S104: =SUM(G104:R104) -> 800000
A105: 98 | B105: Ade Kurnia | G105: ='Voucher Belanja KOKA'!D103 -> 160000 | H105: ='Voucher Belanja KOKA'!E103 -> 160000 | I105: ='Voucher Belanja KOKA'!F103 -> 160000 | J105: ='Voucher Belanja KOKA'!G103 -> 160000 | K105: ='Voucher Belanja KOKA'!H103 -> 160000 | L105: ='Voucher Belanja KOKA'!I103 -> 0 | M105: ='Voucher Belanja KOKA'!J103 -> 0 | N105: ='Voucher Belanja KOKA'!K103 -> 0 | ... R105: ='Voucher Belanja KOKA'!O103 -> 0 | S105: =SUM(G105:R105) -> 800000
A106: 99 | B106: Amir Suroto | G106: ='Voucher Belanja KOKA'!D104 -> 160000 | H106: ='Voucher Belanja KOKA'!E104 -> 160000 | I106: ='Voucher Belanja KOKA'!F104 -> 160000 | J106: ='Voucher Belanja KOKA'!G104 -> 160000 | K106: ='Voucher Belanja KOKA'!H104 -> 160000 | L106: ='Voucher Belanja KOKA'!I104 -> 0 | M106: ='Voucher Belanja KOKA'!J104 -> 0 | N106: ='Voucher Belanja KOKA'!K104 -> 0 | ... R106: ='Voucher Belanja KOKA'!O104 -> 0 | S106: =SUM(G106:R106) -> 800000
A107: 100 | B107: Sartono | G107: ='Voucher Belanja KOKA'!D105 -> 160000 | H107: ='Voucher Belanja KOKA'!E105 -> 160000 | I107: ='Voucher Belanja KOKA'!F105 -> 160000 | J107: ='Voucher Belanja KOKA'!G105 -> 160000 | K107: ='Voucher Belanja KOKA'!H105 -> 160000 | L107: ='Voucher Belanja KOKA'!I105 -> 0 | M107: ='Voucher Belanja KOKA'!J105 -> 0 | N107: ='Voucher Belanja KOKA'!K105 -> 0 | ... R107: ='Voucher Belanja KOKA'!O105 -> 0 | S107: =SUM(G107:R107) -> 800000
A108: 101 | B108: J u m a d i | G108: ='Voucher Belanja KOKA'!D106 -> 160000 | H108: ='Voucher Belanja KOKA'!E106 -> 160000 | I108: ='Voucher Belanja KOKA'!F106 -> 160000 | J108: ='Voucher Belanja KOKA'!G106 -> 160000 | K108: ='Voucher Belanja KOKA'!H106 -> 160000 | L108: ='Voucher Belanja KOKA'!I106 -> 0 | M108: ='Voucher Belanja KOKA'!J106 -> 0 | N108: ='Voucher Belanja KOKA'!K106 -> 0 | ... R108: ='Voucher Belanja KOKA'!O106 -> 0 | S108: =SUM(G108:R108) -> 800000
A109: 102 | B109: Rison Saeful Sobur | G109: ='Voucher Belanja KOKA'!D107 -> 160000 | H109: ='Voucher Belanja KOKA'!E107 -> 160000 | I109: ='Voucher Belanja KOKA'!F107 -> 0 | J109: ='Voucher Belanja KOKA'!G107 -> 0 | K109: ='Voucher Belanja KOKA'!H107 -> 0 | L109: ='Voucher Belanja KOKA'!I107 -> 0 | M109: ='Voucher Belanja KOKA'!J107 -> 0 | N109: ='Voucher Belanja KOKA'!K107 -> 0 | ... R109: ='Voucher Belanja KOKA'!O107 -> 0 | S109: =SUM(G109:R109) -> 320000
A110: 103 | B110: Agung Pambudi | G110: ='Voucher Belanja KOKA'!D108 -> 160000 | H110: ='Voucher Belanja KOKA'!E108 -> 160000 | I110: ='Voucher Belanja KOKA'!F108 -> 160000 | J110: ='Voucher Belanja KOKA'!G108 -> 160000 | K110: ='Voucher Belanja KOKA'!H108 -> 160000 | L110: ='Voucher Belanja KOKA'!I108 -> 0 | M110: ='Voucher Belanja KOKA'!J108 -> 0 | N110: ='Voucher Belanja KOKA'!K108 -> 0 | ... R110: ='Voucher Belanja KOKA'!O108 -> 0 | S110: =SUM(G110:R110) -> 800000
A111: 104 | B111: Bayu Adhitya Permana | G111: ='Voucher Belanja KOKA'!D109+'Pinjaman Barang Sekunder'!K10 -> 1060000 | H111: ='Voucher Belanja KOKA'!E109+'Pinjaman Barang Sekunder'!L10 -> 1060000 | I111: ='Voucher Belanja KOKA'!F109+'Pinjaman Barang Sekunder'!M10+'Pinjaman Barang Primer Harian'!E10 -> 1947565 | J111: ='Voucher Belanja KOKA'!G109+'Pinjaman Barang Sekunder'!N10+'Pinjaman Barang Primer Harian'!F10 -> 1866400 | K111: ='Voucher Belanja KOKA'!H109+'Pinjaman Barang Sekunder'!O10 -> 160000 | L111: ='Voucher Belanja KOKA'!I109+'Pinjaman Barang Sekunder'!P10 -> 0 | M111: ='Voucher Belanja KOKA'!J109+'Pinjaman Barang Sekunder'!Q10 -> 0 | N111: ='Voucher Belanja KOKA'!K109+'Pinjaman Barang Sekunder'!R10 -> 0 | O111: ='Voucher Belanja KOKA'!L109+'Pinjaman Barang Sekunder'!S10 -> 0 | P111: ='Voucher Belanja KOKA'!M109+'Pinjaman Barang Sekunder'!T10 -> 0 | Q111: ='Voucher Belanja KOKA'!N109+'Pinjaman Barang Sekunder'!U10 -> 0 | R111: ='Voucher Belanja KOKA'!O109+'Pinjaman Barang Sekunder'!V10 -> 0 | S111: =SUM(G111:R111) -> 6093965
A112: 105 | B112: Novita | G112: ='Voucher Belanja KOKA'!D110 -> 160000 | H112: ='Voucher Belanja KOKA'!E110 -> 160000 | I112: ='Voucher Belanja KOKA'!F110 -> 160000 | J112: ='Voucher Belanja KOKA'!G110 -> 160000 | K112: ='Voucher Belanja KOKA'!H110 -> 160000 | L112: ='Voucher Belanja KOKA'!I110 -> 0 | M112: ='Voucher Belanja KOKA'!J110 -> 0 | N112: ='Voucher Belanja KOKA'!K110 -> 0 | ... R112: ='Voucher Belanja KOKA'!O110 -> 0 | S112: =SUM(G112:R112) -> 800000
A113: 106 | B113: Turut | G113: ='Voucher Belanja KOKA'!D111 -> 160000 | H113: ='Voucher Belanja KOKA'!E111 -> 160000 | I113: ='Voucher Belanja KOKA'!F111 -> 160000 | J113: ='Voucher Belanja KOKA'!G111 -> 160000 | K113: ='Voucher Belanja KOKA'!H111 -> 160000 | L113: ='Voucher Belanja KOKA'!I111 -> 0 | M113: ='Voucher Belanja KOKA'!J111 -> 0 | N113: ='Voucher Belanja KOKA'!K111 -> 0 | ... R113: ='Voucher Belanja KOKA'!O111 -> 0 | S113: =SUM(G113:R113) -> 800000
A114: 107 | B114: Edy Sukaryan | G114: ='Voucher Belanja KOKA'!D112+'Pinjaman Barang Sekunder'!K11 -> 959900 | H114: ='Voucher Belanja KOKA'!E112+'Pinjaman Barang Sekunder'!L11 -> 959900 | I114: ='Voucher Belanja KOKA'!F112+'Pinjaman Barang Sekunder'!M11 -> 959900 | J114: ='Voucher Belanja KOKA'!G112+'Pinjaman Barang Sekunder'!N11+'Pinjaman Daging Event Lebaran'!P6 -> 1431566.7 | K114: ='Voucher Belanja KOKA'!H112+'Pinjaman Barang Sekunder'!O11+'Pinjaman Daging Event Lebaran'!Q6 -> 1431566.7 | L114: ='Voucher Belanja KOKA'!I112+'Pinjaman Barang Sekunder'!P11+'Pinjaman Daging Event Lebaran'!R6 -> 1271566.7 | M114: ='Voucher Belanja KOKA'!J112+'Pinjaman Barang Sekunder'!Q11+'Pinjaman Daging Event Lebaran'!S6 -> 799900 | N114: ='Voucher Belanja KOKA'!K112+'Pinjaman Barang Sekunder'!R11+'Pinjaman Daging Event Lebaran'!T6 -> 0 | O114: ='Voucher Belanja KOKA'!L112+'Pinjaman Barang Sekunder'!S11+'Pinjaman Daging Event Lebaran'!U6 -> 0 | P114: ='Voucher Belanja KOKA'!M112+'Pinjaman Barang Sekunder'!T11+'Pinjaman Daging Event Lebaran'!V6 -> 0 | Q114: ='Voucher Belanja KOKA'!N112+'Pinjaman Barang Sekunder'!U11+'Pinjaman Daging Event Lebaran'!W6 -> 0 | R114: ='Voucher Belanja KOKA'!O112+'Pinjaman Barang Sekunder'!V11+'Pinjaman Daging Event Lebaran'!X6 -> 0 | S114: =SUM(G114:R114) -> 7814300
A115: 108 | B115: I Made Mustada | G115: ='Voucher Belanja KOKA'!D113 -> 160000 | H115: ='Voucher Belanja KOKA'!E113 -> 160000 | I115: ='Voucher Belanja KOKA'!F113 -> 160000 | J115: ='Voucher Belanja KOKA'!G113+'Pinjaman Daging Event Lebaran'!P11 -> 254333.33 | K115: ='Voucher Belanja KOKA'!H113+'Pinjaman Daging Event Lebaran'!Q11 -> 254333.33 | L115: ='Voucher Belanja KOKA'!I113+'Pinjaman Daging Event Lebaran'!R11 -> 94333.333 | M115: ='Voucher Belanja KOKA'!J113+'Pinjaman Daging Event Lebaran'!S11 -> 0 | N115: ='Voucher Belanja KOKA'!K113+'Pinjaman Daging Event Lebaran'!T11 -> 0 | O115: ='Voucher Belanja KOKA'!L113+'Pinjaman Daging Event Lebaran'!U11 -> 0 | P115: ='Voucher Belanja KOKA'!M113+'Pinjaman Daging Event Lebaran'!V11 -> 0 | Q115: ='Voucher Belanja KOKA'!N113+'Pinjaman Daging Event Lebaran'!W11 -> 0 | R115: ='Voucher Belanja KOKA'!O113+'Pinjaman Daging Event Lebaran'!X11 -> 0 | S115: =SUM(G115:R115) -> 1083000
A116: 109 | B116: Sunardi | G116: ='Voucher Belanja KOKA'!D114+'Pinjaman Barang Sekunder'!K12 -> 1000000 | H116: ='Voucher Belanja KOKA'!E114+'Pinjaman Barang Sekunder'!L12 -> 1000000 | I116: ='Voucher Belanja KOKA'!F114+'Pinjaman Barang Sekunder'!M12 -> 1000000 | J116: ='Voucher Belanja KOKA'!G114+'Pinjaman Barang Sekunder'!N12+'Pinjaman Daging Event Lebaran'!P13 -> 1235833.3 | K116: ='Voucher Belanja KOKA'!H114+'Pinjaman Barang Sekunder'!O12+'Pinjaman Daging Event Lebaran'!Q13 -> 1235833.3 | L116: ='Voucher Belanja KOKA'!I114+'Pinjaman Barang Sekunder'!P12+'Pinjaman Daging Event Lebaran'!R13 -> 1075833.3 | M116: ='Voucher Belanja KOKA'!J114+'Pinjaman Barang Sekunder'!Q12+'Pinjaman Daging Event Lebaran'!S13 -> 840000 | N116: ='Voucher Belanja KOKA'!K114+'Pinjaman Barang Sekunder'!R12+'Pinjaman Daging Event Lebaran'!T13 -> 840000 | O116: ='Voucher Belanja KOKA'!L114+'Pinjaman Barang Sekunder'!S12+'Pinjaman Daging Event Lebaran'!U13 -> 0 | P116: ='Voucher Belanja KOKA'!M114+'Pinjaman Barang Sekunder'!T12+'Pinjaman Daging Event Lebaran'!V13 -> 0 | Q116: ='Voucher Belanja KOKA'!N114+'Pinjaman Barang Sekunder'!U12+'Pinjaman Daging Event Lebaran'!W13 -> 0 | R116: ='Voucher Belanja KOKA'!O114+'Pinjaman Barang Sekunder'!V12+'Pinjaman Daging Event Lebaran'!X13 -> 0 | S116: =SUM(G116:R116) -> 8227500
A117: 110 | B117: Sri Hartoyo | G117: ='Voucher Belanja KOKA'!D115 -> 160000 | H117: ='Voucher Belanja KOKA'!E115 -> 160000 | I117: ='Voucher Belanja KOKA'!F115 -> 0 | J117: ='Voucher Belanja KOKA'!G115 -> 0 | K117: ='Voucher Belanja KOKA'!H115 -> 0 | L117: ='Voucher Belanja KOKA'!I115 -> 0 | M117: ='Voucher Belanja KOKA'!J115 -> 0 | N117: ='Voucher Belanja KOKA'!K115 -> 0 | ... R117: ='Voucher Belanja KOKA'!O115 -> 0 | S117: =SUM(G117:R117) -> 320000
A118: 111 | B118: Sigit Hartanto | G118: ='Voucher Belanja KOKA'!D116 -> 160000 | H118: ='Voucher Belanja KOKA'!E116 -> 160000 | I118: ='Voucher Belanja KOKA'!F116+'Pinjaman Barang Sekunder'!M14 -> 1300000 | J118: ='Voucher Belanja KOKA'!G116+'Pinjaman Daging Event Lebaran'!P15+'Pinjaman Barang Sekunder'!N14 -> 1583000 | K118: ='Voucher Belanja KOKA'!H116+'Pinjaman Daging Event Lebaran'!Q15+'Pinjaman Barang Sekunder'!O14 -> 1583000 | L118: ='Voucher Belanja KOKA'!I116+'Pinjaman Daging Event Lebaran'!R15+'Pinjaman Barang Sekunder'!P14 -> 1423000 | M118: ='Voucher Belanja KOKA'!J116+'Pinjaman Daging Event Lebaran'!S15+'Pinjaman Barang Sekunder'!Q14 -> 1140000 | N118: ='Voucher Belanja KOKA'!K116+'Pinjaman Daging Event Lebaran'!T15+'Pinjaman Barang Sekunder'!R14 -> 1140000 | O118: ='Voucher Belanja KOKA'!L116+'Pinjaman Daging Event Lebaran'!U15+'Pinjaman Barang Sekunder'!S14 -> 0 | P118: ='Voucher Belanja KOKA'!M116+'Pinjaman Daging Event Lebaran'!V15+'Pinjaman Barang Sekunder'!T14 -> 0 | Q118: ='Voucher Belanja KOKA'!N116+'Pinjaman Daging Event Lebaran'!W15+'Pinjaman Barang Sekunder'!U14 -> 0 | R118: ='Voucher Belanja KOKA'!O116+'Pinjaman Daging Event Lebaran'!X15+'Pinjaman Barang Sekunder'!V14 -> 0 | S118: =SUM(G118:R118) -> 8489000
A119: 112 | B119: Sulaeman | G119: ='Voucher Belanja KOKA'!D117 -> 160000 | H119: ='Voucher Belanja KOKA'!E117 -> 160000 | I119: ='Voucher Belanja KOKA'!F117 -> 0 | J119: ='Voucher Belanja KOKA'!G117 -> 0 | K119: ='Voucher Belanja KOKA'!H117 -> 0 | L119: ='Voucher Belanja KOKA'!I117 -> 0 | M119: ='Voucher Belanja KOKA'!J117 -> 0 | N119: ='Voucher Belanja KOKA'!K117 -> 0 | ... R119: ='Voucher Belanja KOKA'!O117 -> 0 | S119: =SUM(G119:R119) -> 320000
A120: 113 | B120: Nurpendi | G120: ='Voucher Belanja KOKA'!D118 -> 160000 | H120: ='Voucher Belanja KOKA'!E118 -> 160000 | I120: ='Voucher Belanja KOKA'!F118 -> 160000 | J120: ='Voucher Belanja KOKA'!G118 -> 160000 | K120: ='Voucher Belanja KOKA'!H118 -> 160000 | L120: ='Voucher Belanja KOKA'!I118 -> 0 | M120: ='Voucher Belanja KOKA'!J118 -> 0 | N120: ='Voucher Belanja KOKA'!K118 -> 0 | ... R120: ='Voucher Belanja KOKA'!O118 -> 0 | S120: =SUM(G120:R120) -> 800000
A121: 114 | B121: Gede Arnawa | G121: ='Voucher Belanja KOKA'!D119 -> 160000 | H121: ='Voucher Belanja KOKA'!E119 -> 160000 | I121: ='Voucher Belanja KOKA'!F119 -> 160000 | J121: ='Voucher Belanja KOKA'!G119 -> 160000 | K121: ='Voucher Belanja KOKA'!H119 -> 160000 | L121: ='Voucher Belanja KOKA'!I119 -> 0 | M121: ='Voucher Belanja KOKA'!J119 -> 0 | N121: ='Voucher Belanja KOKA'!K119 -> 0 | ... R121: ='Voucher Belanja KOKA'!O119 -> 0 | S121: =SUM(G121:R121) -> 800000
A122: 115 | B122: Parsono | G122: ='Voucher Belanja KOKA'!D120+'Pinjaman Barang Sekunder'!K8 -> 988000 | H122: ='Voucher Belanja KOKA'!E120+'Pinjaman Barang Sekunder'!L8 -> 988000 | I122: ='Voucher Belanja KOKA'!F120+'Pinjaman Barang Sekunder'!M8 -> 988000 | J122: ='Voucher Belanja KOKA'!G120+'Pinjaman Barang Sekunder'!N8 -> 988000 | K122: ='Voucher Belanja KOKA'!H120+'Pinjaman Barang Sekunder'!O15 -> 1060000 | L122: ='Voucher Belanja KOKA'!I120+'Pinjaman Barang Sekunder'!P8 -> 0 | M122: ='Voucher Belanja KOKA'!J120+'Pinjaman Barang Sekunder'!Q8 -> 0 | N122: ='Voucher Belanja KOKA'!K120+'Pinjaman Barang Sekunder'!R8 -> 0 | O122: ='Voucher Belanja KOKA'!L120+'Pinjaman Barang Sekunder'!S8 -> 0 | P122: ='Voucher Belanja KOKA'!M120+'Pinjaman Barang Sekunder'!T8 -> 0 | Q122: ='Voucher Belanja KOKA'!N120+'Pinjaman Barang Sekunder'!U8 -> 0 | R122: ='Voucher Belanja KOKA'!O120+'Pinjaman Barang Sekunder'!V8 -> 0 | S122: =SUM(G122:R122) -> 5012000
A123: 116 | B123: Ketut Wijaya | G123: ='Voucher Belanja KOKA'!D121 -> 160000 | H123: ='Voucher Belanja KOKA'!E121 -> 160000 | I123: ='Voucher Belanja KOKA'!F121 -> 160000 | J123: ='Voucher Belanja KOKA'!G121 -> 160000 | K123: ='Voucher Belanja KOKA'!H121 -> 160000 | L123: ='Voucher Belanja KOKA'!I121 -> 0 | M123: ='Voucher Belanja KOKA'!J121 -> 0 | N123: ='Voucher Belanja KOKA'!K121 -> 0 | ... R123: ='Voucher Belanja KOKA'!O121 -> 0 | S123: =SUM(G123:R123) -> 800000
A124: 117 | B124: Eko Junaedi | G124: ='Voucher Belanja KOKA'!D122 -> 160000 | H124: ='Voucher Belanja KOKA'!E122 -> 160000 | I124: ='Voucher Belanja KOKA'!F122 -> 160000 | J124: ='Voucher Belanja KOKA'!G122 -> 160000 | K124: ='Voucher Belanja KOKA'!H122 -> 160000 | L124: ='Voucher Belanja KOKA'!I122 -> 0 | M124: ='Voucher Belanja KOKA'!J122 -> 0 | N124: ='Voucher Belanja KOKA'!K122 -> 0 | ... R124: ='Voucher Belanja KOKA'!O122 -> 0 | S124: =SUM(G124:R124) -> 800000
...
