Workbook

Sheet 00_Petunjuk
A1: Petunjuk pengisian data
A2: Isi sel berwarna kuning. Jangan mengubah judul kolom.
A3: Tanda * = wajib diisi. Kolom otomatis berwarna biru muda. Di Simpanan, isi angka pada jenis yang tersedia.
A4: Urutan | B4: Yang dilakukan
A5: 1 | B5: Isi 01_Anggota terlebih dahulu. Satu orang cukup satu baris.
A6: 2 | B6: Jika nama/NPP dari file lama berbeda, isi 02_Pencocokan_Nama.
A7: 3 | B7: Isi 03_Simpanan satu baris untuk setiap anggota. Isi nilai KHUSUS, MANASUKA, WAJIB, dan SHU pada kolom masing-masing.
A8: 4 | B8: Isi 04_Pinjaman satu baris untuk setiap pinjaman. Buat nomor pinjaman yang unik.
A9: 5 | B9: Isi 05_Angsuran dan pastikan setiap angsuran punya satu nomor pinjaman.
A10: 6 | B10: Gunakan 06_Pengecualian untuk data yang memang tidak boleh masuk.
A11: 7 | B11: Lihat 09_Contoh_Isian, isi kolom bertanda *, pilih nama dari daftar jika tersedia, jawab 07_Pertanyaan, lalu periksa 08_Pemeriksaan.
A13: Warna | B13: Arti | C13: Contoh
A14: Kuning | B14: Tempat yang perlu diisi atau diperbaiki | C14: Nama, NPP, tanggal, jumlah
A15: Biru tua | B15: Judul kolom; jangan diubah | C15: Nama Lengkap
A16: Hijau / merah | B16: Hasil pemeriksaan | C16: 0 = tidak ada masalah; angka > 0 = perlu dicek
A18: Aturan penting
A19: NPP | B19: Simpan NPP sebagai teks agar angka 0 di depan tidak hilang. NPP PHL yang bukan angka harus dibuat unik dan tidak boleh kosong.
A20: Tanggal | B20: Gunakan format YYYY-MM-DD. Jika tanggal bergabung kosong, gunakan 2026-09-07 dan tulis 'tanggal sementara' di catatan.
A21: Jumlah | B21: Isi angka Rupiah utuh tanpa pembulatan. Contoh: 1500000, bukan Rp1.500.000 dan bukan 1.500.000,50.
A22: Simpanan | B22: Satu baris Simpanan = satu anggota. Isi angka pada kolom KHUSUS, MANASUKA, WAJIB, dan SHU. Kosong atau 0 berarti tidak ada nilai.
A23: Pinjaman | B23: Pokok, admin, total kewajiban, lama cicilan, tanggal cair, dan status harus berasal dari sumber atau keputusan yang disetujui.
A24: Angsuran | B24: Satu angsuran harus menunjuk ke satu nomor pinjaman. Jangan memakai nomor baris sebagai nomor pinjaman.
A25: Anggota aktif | B25: Anggota Aktif, Baru, dan PHL dapat dibuatkan akun. Anggota Purna Bakti tetap dicatat untuk sejarah, tetapi tidak dibuatkan akun.
A26: Pengecualian | B26: Catat data yang sengaja tidak dimasukkan di 06_Pengecualian, lengkap dengan alasan dan persetujuan.
A27: Sumber | B27: Asal Sheet dan Baris Asal adalah catatan audit untuk pencocokan atau pengecualian. Tidak perlu diisi di Simpanan dan Angsuran.
A28: Pemeriksaan | B28: Sebelum dikirim, angka merah harus menjadi 0 atau sudah memiliki keputusan tertulis.

Sheet 01_Anggota
A1: Daftar anggota
A2: Satu orang satu baris. Anggota aktif dan tidak aktif tetap dicatat jika punya sejarah transaksi.
A4: No (otomatis) | B4: NPP Koperasi * | C4: NPP Lama | D4: Nama Lengkap * | E4: Status * | F4: Jenis Anggota | G4: Tanggal Bergabung * | H4: Area | I4: No. HP | J4: Alamat | K4: Keputusan Identitas * | L4: Masukkan? * | M4: Catatan
A5: =IF(D5="","",ROW()-4) -> 1 | B5: KKSUK-000001 | C5: 00553 | D5: Abdul Cahyo Nugroho | E5: Aktif | F5: Pegawai | H5: Cakung
A6: =IF(D6="","",ROW()-4) -> 2 | B6: KKSUK-000002 | C6: 00549 | D6: Ahmad Fauzi - 00549 | E6: Aktif | F6: Pegawai | H6: Cakung
A7: =IF(D7="","",ROW()-4) -> 3 | B7: KKSUK-000003 | C7: 00546 | D7: Andrian Fadly | E7: Aktif | F7: Pegawai | H7: Cakung
A8: =IF(D8="","",ROW()-4) -> 4 | B8: KKSUK-000004 | C8: 00511 | D8: Andung Juanda | E8: Aktif | F8: Pegawai | H8: Cakung
A9: =IF(D9="","",ROW()-4) -> 5 | B9: KKSUK-000005 | C9: 00340 | D9: Anwari | E9: Aktif | F9: Pegawai | H9: Cakung
A10: =IF(D10="","",ROW()-4) -> 6 | B10: KKSUK-000006 | C10: 00345 | D10: Ardiansyah | E10: Purna Bakti 2026 | F10: Pegawai | H10: Cakung
A11: =IF(D11="","",ROW()-4) -> 7 | B11: KKSUK-000007 | C11: 00519 | D11: Budi Laksono | E11: Aktif | F11: Pegawai | H11: Cakung
A12: =IF(D12="","",ROW()-4) -> 8 | B12: KKSUK-000008 | C12: 00325 | D12: Dadi Muhamad Mulyadi | E12: Aktif | F12: Pegawai | H12: Pulogadung
A13: =IF(D13="","",ROW()-4) -> 9 | B13: KKSUK-000009 | C13: 00543 | D13: Dara Maulida | E13: Aktif | F13: Pegawai | H13: Cakung
A14: =IF(D14="","",ROW()-4) -> 10 | B14: KKSUK-000010 | C14: 00540 | D14: Dedy Kurniawan | E14: Aktif | F14: Pegawai | H14: Cakung
A15: =IF(D15="","",ROW()-4) -> 11 | B15: KKSUK-000011 | C15: 00539 | D15: Dewi Kartini | E15: Aktif | F15: Pegawai | H15: Cakung
A16: =IF(D16="","",ROW()-4) -> 12 | B16: KKSUK-000012 | C16: 00518 | D16: Diki Firmansyah | E16: Aktif | F16: Pegawai | H16: Cakung
... A41: =IF(D41="","",ROW()-4) -> 37 | B41: KKSUK-000037 | C41: 00497 | D41: Riana Merry Natalia | E41: Aktif | F41: Pegawai | H41: Cakung
A42: =IF(D42="","",ROW()-4) -> 38 | B42: KKSUK-000038 | C42: 0 | D42: Riana Merry Natalia QQ Lasman | E42: Aktif | F42: Pegawai | H42: Cakung
A43: =IF(D43="","",ROW()-4) -> 39 | B43: KKSUK-000039 | C43: 00544 | D43: Rico Septa Saputra | E43: Aktif | F43: Pegawai | H43: Cakung
A44: =IF(D44="","",ROW()-4) -> 40 | B44: KKSUK-000040 | C44: 00485 | D44: Rosmiati | E44: Aktif | F44: Pegawai | H44: Cakung
A45: =IF(D45="","",ROW()-4) -> 41 | B45: KKSUK-000041 | C45: 00343 | D45: Sudadi | E45: Aktif | F45: Pegawai | H45: Cakung
A46: =IF(D46="","",ROW()-4) -> 42 | B46: KKSUK-000042 | C46: 00293 | D46: Sugiarto | E46: Aktif | F46: Pegawai | H46: Cakung
A47: =IF(D47="","",ROW()-4) -> 43 | B47: KKSUK-000043 | C47: 00527 | D47: Toni | E47: Aktif | F47: Pegawai | H47: Cakung
A48: =IF(D48="","",ROW()-4) -> 44 | B48: KKSUK-000044 | C48: 00362 | D48: Umayah | E48: Aktif | F48: Pegawai | H48: Cakung
A49: =IF(D49="","",ROW()-4) -> 45 | B49: KKSUK-000045 | C49: 00548 | D49: Wawan Satriawan | E49: Aktif | F49: Pegawai | H49: Cakung
A50: =IF(D50="","",ROW()-4) -> 46 | B50: KKSUK-000046 | C50: 00499 | D50: Wiyan Eko Supriyanto | E50: Aktif | F50: Pegawai | H50: Cakung
A51: =IF(D51="","",ROW()-4) -> 47 | B51: KKSUK-000047 | C51: 00633 | D51: Sri Wahyuningsih | E51: Aktif | F51: Pegawai | H51: Cakung
A52: =IF(D52="","",ROW()-4) -> 48 | B52: KKSUK-000048 | C52: 00571 | D52: Indra Jaya Nugraha Putra | E52: Purna Bakti 2026 | F52: Pegawai | H52: Cakung
A53: =IF(D53="","",ROW()-4) -> 49 | B53: KKSUK-000049 | C53: 00642 | D53: Dehur | E53: Aktif | F53: Pegawai | H53: Cakung
A54: =IF(D54="","",ROW()-4) -> 50 | B54: KKSUK-000050 | C54: K637 | D54: Yonatan Banobe | E54: Aktif | F54: PKWT | H54: Cakung
... A101: =IF(D101="","",ROW()-4) -> 97 | B101: KKSUK-000097 | C101: K879 | D101: Sartono | E101: Aktif | F101: PKWT | H101: Kapuk
A102: =IF(D102="","",ROW()-4) -> 98 | B102: KKSUK-000098 | C102: 0 | D102: Marwanto | E102: Aktif | F102: PHL | H102: Kapuk
A103: =IF(D103="","",ROW()-4) -> 99 | B103: KKSUK-000099 | C103: K598 | D103: Kadek Sudarsana | E103: Aktif | F103: PKWT | H103: Kapuk
A104: =IF(D104="","",ROW()-4) -> 100 | B104: KKSUK-000100 | C104: 00574 | D104: Dian Suanto | E104: Aktif | F104: Pegawai | H104: Kapuk
A105: =IF(D105="","",ROW()-4) -> 101 | B105: KKSUK-000101 | C105: 0 | D105: Darsim | E105: Purna Bakti 2026 | F105: Pegawai | H105: Kapuk
A106: =IF(D106="","",ROW()-4) -> 102 | B106: KKSUK-000102 | C106: 0 | D106: Jaimin | E106: Aktif | F106: PHL | H106: Kapuk
A107: =IF(D107="","",ROW()-4) -> 103 | B107: KKSUK-000103 | C107: K1563 | D107: Hesby Aga Ardila Nugroho | E107: Purna Bakti 2026 | F107: PKWT | H107: Kapuk
A108: =IF(D108="","",ROW()-4) -> 104 | B108: KKSUK-000104 | C108: 00585 | D108: Gede Suparta | E108: Aktif | F108: Pegawai | H108: Kapuk
A109: =IF(D109="","",ROW()-4) -> 105 | B109: KKSUK-000105 | C109: 0 | D109: Jais Hartono | E109: Aktif | F109: PHL | H109: Kapuk
A110: =IF(D110="","",ROW()-4) -> 106 | B110: KKSUK-000106 | C110: 00611 | D110: Repki Ariyanto | E110: Aktif | F110: Pegawai | H110: Cakung
A111: =IF(D111="","",ROW()-4) -> 107 | B111: KKSUK-000107 | C111: 00614 | D111: Anton Efendi | E111: Aktif | F111: Pegawai | H111: Cakung
A112: =IF(D112="","",ROW()-4) -> 108 | B112: KKSUK-000108 | C112: K936 | D112: Jafar Dwiyanto | E112: Aktif | F112: PKWT | H112: Kapuk
A113: =IF(D113="","",ROW()-4) -> 109 | B113: KKSUK-000109 | C113: 00589 | D113: Khairun Nisa | E113: Aktif | F113: Pegawai | H113: Cakung
A114: =IF(D114="","",ROW()-4) -> 110 | B114: KKSUK-000110 | C114: 00591 | D114: Didi Rahmat | E114: Aktif | F114: Pegawai | H114: Cakung
A115: =IF(D115="","",ROW()-4) -> 111 | B115: KKSUK-000111 | C115: K1612 | D115: Rio Candra | E115: Aktif | F115: PKWT | H115: Cakung
A116: =IF(D116="","",ROW()-4) -> 112 | B116: KKSUK-000112 | C116: 00602 | D116: Suci Nurkhasanah | E116: Aktif | F116: Pegawai | H116: Cakung
A117: =IF(D117="","",ROW()-4) -> 113 | B117: KKSUK-000113 | C117: K944 | D117: Sumihar H. Tambunan | E117: Aktif | F117: PKWT | H117: Kapuk
A118: =IF(D118="","",ROW()-4) -> 114 | B118: KKSUK-000114 | C118: K1610 | D118: Sudari | E118: Aktif | F118: PKWT | H118: Cakung
A119: =IF(D119="","",ROW()-4) -> 115 | B119: KKSUK-000115 | C119: 00621 | D119: Muhammad Topan | E119: Aktif | F119: Pegawai | H119: Cakung
A120: =IF(D120="","",ROW()-4) -> 116 | B120: KKSUK-000116 | C120: K1602 | D120: Citra Meiliana Rahmaliyanti | E120: Aktif | F120: PKWT | H120: Cakung
A121: =IF(D121="","",ROW()-4) -> 117 | B121: KKSUK-000117 | C121: 00587 | D121: Akbar Fadhil | E121: Purna Bakti 2026 | F121: Pegawai | H121: Cakung
... A143: =IF(D143="","",ROW()-4) -> 139 | B143: KKSUK-000139 | C143: 00578 | D143: Herda | E143: Aktif | F143: Pegawai | H143: Cakung
A144: =IF(D144="","",ROW()-4) -> 140 | B144: KKSUK-000140 | C144: 0 | D144: Andri Kurniawan qq Rizka Merdiawati | E144: Aktif | F144: Pegawai | H144: Pulogadung
A145: =IF(D145="","",ROW()-4) -> 141 | B145: KKSUK-000141 | C145: 00545 | D145: Rwandha Sutedira | E145: Aktif | F145: Pegawai | H145: Cakung
A146: =IF(D146="","",ROW()-4) -> 142 | B146: KKSUK-000142 | C146: 00629 | D146: Mutiyah Nur Aftilani | E146: Aktif | F146: Pegawai | G146: 45526 | H146: Cakung
A147: =IF(D147="","",ROW()-4) -> 143 | B147: KKSUK-000143 | C147: K1691 | D147: Mohamad Firdaus | E147: Aktif | F147: PKWT | G147: 45523 | H147: Cakung
A148: =IF(D148="","",ROW()-4) -> 144 | B148: KKSUK-000144 | C148: K1757 | D148: Ahmad Fauzi - 01743 | E148: Aktif | F148: PKWT | G148: 45538 | H148: Pulogadung
A149: =IF(D149="","",ROW()-4) -> 145 | B149: KKSUK-000145 | C149: K1715 | D149: Muhammad Ade Faizal | E149: Aktif | F149: PKWT | G149: 45589 | H149: Cakung
A150: =IF(D150="","",ROW()-4) -> 146 | B150: KKSUK-000146 | C150: K1666 | D150: Taufik Hidayat | E150: Aktif | F150: PKWT | G150: 45588 | H150: Cakung
A151: =IF(D151="","",ROW()-4) -> 147 | B151: KKSUK-000147 | C151: 00610 | D151: Clarissa Dini | E151: Aktif | F151: Pegawai | G151: 45595 | H151: Cakung
A152: =IF(D152="","",ROW()-4) -> 148 | B152: KKSUK-000148 | C152: K1608 | D152: Rian Alandy | E152: Purna Bakti 2026 | F152: PKWT | G152: 45576 | H152: Cakung
A153: =IF(D153="","",ROW()-4) -> 149 | B153: KKSUK-000149 | C153: 00637 | D153: Ria Banita Krisdayanti | E153: Aktif | F153: Pegawai | G153: 45701 | H153: Cakung
A154: =IF(D154="","",ROW()-4) -> 150 | B154: KKSUK-000150 | C154: 00638 | D154: Toro Riyadi | E154: Aktif | F154: Pegawai | G154: 45707 | H154: Cakung
A155: =IF(D155="","",ROW()-4) -> 151 | B155: KKSUK-000151 | C155: 00616 | D155: Ady Sucipto | E155: Aktif | F155: Pegawai | G155: 45707 | H155: Cakung
A156: =IF(D156="","",ROW()-4) -> 152 | B156: KKSUK-000152 | C156: K1744 | D156: Erfan Faulana | E156: Aktif | F156: PKWT | G156: 45713 | H156: Cakung
A157: =IF(D157="","",ROW()-4) -> 153 | B157: KKSUK-000153 | C157: 00613 | D157: Syarif Hidayatulloh | E157: Aktif | F157: Pegawai | G157: 45713 | H157: Cakung
... A165: =IF(D165="","",ROW()-4) -> 161 | B165: KKSUK-000161 | C165: 00623 | D165: Bayu Ayudya Permana | E165: Aktif | F165: Pegawai | G165: 45838 | H165: Cakung
A166: =IF(D166="","",ROW()-4) -> 162 | B166: KKSUK-000162 | C166: K1777 | D166: Qomara Duha | E166: Purna Bakti 2026 | F166: PKWT | H166: Kapuk
A167: =IF(D167="","",ROW()-4) -> 163 | B167: KKSUK-000163 | C167: K1733 | D167: Hermansyah | E167: Aktif | F167: PKWT | H167: Cakung
A168: =IF(D168="","",ROW()-4) -> 164 | B168: KKSUK-000164 | C168: K1735 | D168: Andi Prayitno | E168: Aktif | F168: PKWT | H168: Pulogadung
A169: =IF(D169="","",ROW()-4) -> 165 | B169: KKSUK-000165 | C169: K1789 | D169: Ibrahim | E169: Aktif | F169: PKWT | H169: Kapuk
A170: =IF(D170="","",ROW()-4) -> 166 | B170: KKSUK-000166 | C170: K1790 | D170: A. Rafik | E170: Aktif | F170: PKWT | H170: Kapuk
A171: =IF(D171="","",ROW()-4) -> 167 | B171: KKSUK-000167 | C171: K1778 | D171: Romansyah | E171: Aktif | F171: PKWT | H171: Pulogadung
A172: =IF(D172="","",ROW()-4) -> 168 | B172: KKSUK-000168 | C172: K1734 | D172: Asta | E172: Aktif | F172: PKWT | H172: Cakung
A173: =IF(D173="","",ROW()-4) -> 169 | B173: KKSUK-000169 | C173: K1742 | D173: Rina Oktaviani | E173: Aktif | F173: PKWT | H173: Cakung
A174: =IF(D174="","",ROW()-4) -> 170 | B174: KKSUK-000170 | C174: K1745 | D174: Dendi Adiansyah | E174: Aktif | F174: PKWT | H174: Kapuk
A175: =IF(D175="","",ROW()-4) -> 171 | B175: KKSUK-000171 | C175: K1718 | D175: Dimas Fajar Wijaya | E175: Aktif | F175: PKWT | H175: Cakung
A176: =IF(D176="","",ROW()-4) -> 172 | B176: KKSUK-000172 | C176: 0 | D176: ROBERT LAKBURLAWAI | E176: Aktif | F176: PHL | H176: Kapuk
A177: =IF(D177="","",ROW()-4) -> 173 | B177: KKSUK-000173 | C177: 0 | D177: ALVIN AVRIALDY | E177: Aktif | F177: PHL | H177: Kapuk
A178: =IF(D178="","",ROW()-4) -> 174 | B178: KKSUK-000174 | C178: 0 | D178: Fitriya Hariyani | E178: Aktif | F178: Nasabah | H178: Pulogadung
A179: =IF(D179="","",ROW()-4) -> 175 | B179: KKSUK-000175 | C179: 0 | D179: Fajar Bintara | E179: Purna Bakti 2026 | F179: Nasabah | H179: Pulogadung
A180: =IF(D180="","",ROW()-4) -> 176 | B180: KKSUK-000176 | C180: K1813 | D180: Washadi | E180: Aktif | F180: PKWT | G180: 45884 | H180: Cakung
A181: =IF(D181="","",ROW()-4) -> 177 | B181: KKSUK-000177 | C181: 0 | D181: Siswanto | E181: Aktif | F181: PHL | H181: Kapuk
A182: =IF(D182="","",ROW()-4) -> 178 | B182: KKSUK-000178 | C182: 0 | D182: Rujito | E182: Aktif | F182: PHL | H182: Cakung
A183: =IF(D183="","",ROW()-4) -> 179 | B183: KKSUK-000179 | C183: 0 | D183: Tatang | E183: Purna Bakti 2026 | F183: PHL | H183: Cakung
A184: =IF(D184="","",ROW()-4) -> 180 | B184: KKSUK-000180 | C184: 0 | D184: Yadi Supriyadi (Diver) | E184: Aktif | F184: PHL | G184: 45717 | H184: Cakung
A185: =IF(D185="","",ROW()-4) -> 181 | B185: KKSUK-000181 | C185: 0 | D185: Achmad Ikang Zulkarnain | E185: Aktif | F185: PHL | G185: 45717 | H185: Cakung
A186: =IF(D186="","",ROW()-4) -> 182 | B186: KKSUK-000182 | C186: 0 | D186: Bagus Iqbal Juardi | E186: Aktif | F186: PHL | G186: 45717 | H186: Cakung
A187: =IF(D187="","",ROW()-4) -> 183 | B187: KKSUK-000183 | C187: 0 | D187: Rafli Baihaqqi Rianto | E187: Aktif | F187: PHL | G187: 45717 | H187: Cakung
A188: =IF(D188="","",ROW()-4) -> 184 | B188: KKSUK-000184 | C188: 0 | D188: Suryadi | E188: Aktif | F188: PHL | G188: 45717 | H188: Cakung
A189: =IF(D189="","",ROW()-4) -> 185 | B189: KKSUK-000185 | C189: 0 | D189: Puniko | E189: Aktif | F189: PHL | G189: 45717 | H189: Cakung
A190: =IF(D190="","",ROW()-4) -> 186 | B190: KKSUK-000186 | C190: 0 | D190: Ahmad Gopur | E190: Aktif | F190: PHL | G190: 45717 | H190: Cakung
A191: =IF(D191="","",ROW()-4) -> 187 | B191: KKSUK-000187 | C191: 0 | D191: Erina Fitriani | E191: Aktif | F191: PHL | G191: 45717 | H191: Cakung
A192: =IF(D192="","",ROW()-4) -> 188 | B192: KKSUK-000188 | C192: K1611 | D192: Zalu Febri Lesmana | E192: Aktif | F192: PKWT | G192: 45955 | H192: Cakung
A193: =IF(D193="","",ROW()-4) -> 189 | B193: KKSUK-000189 | C193: 0 | D193: Anisa Juniyanti | E193: Aktif | F193: PHL | G193: 45717 | H193: Cakung
A194: =IF(D194="","",ROW()-4) -> 190 | B194: KKSUK-000190 | C194: 0 | D194: Andika | E194: Aktif | F194: PHL | G194: 45717 | H194: Cakung
A195: =IF(D195="","",ROW()-4) -> 191 | B195: KKSUK-000191 | C195: 0 | D195: Dede Slamet Supriyanto | E195: Aktif | F195: PHL | G195: 45717 | H195: Cakung
A196: =IF(D196="","",ROW()-4) -> 192 | B196: KKSUK-000192 | C196: 0 | D196: Adam Bakhtiar | E196: Aktif | F196: PHL | G196: 45717 | H196: Cakung
A197: =IF(D197="","",ROW()-4) -> 193 | B197: KKSUK-000193 | C197: 0 | D197: Agung | E197: Aktif | F197: PHL | G197: 45717 | H197: Cakung
A198: =IF(D198="","",ROW()-4) -> 194 | B198: KKSUK-000194 | C198: 0 | D198: Aep Saefudin | E198: Aktif | F198: PHL | G198: 45717 | H198: Cakung
A199: =IF(D199="","",ROW()-4) -> 195 | B199: KKSUK-000195 | C199: 0 | D199: Eko Fitriyanto | E199: Aktif | F199: PHL | G199: 45717 | H199: Cakung
...

Sheet 03_Simpanan
A1: Data simpanan
A2: Satu baris untuk satu anggota. Isi angka pada jenis simpanan yang tersedia. Kosong atau 0 berarti tidak ada nilai.
A4: No (otomatis) | B4: Nama Anggota * | C4: NPP (otomatis) | D4: KHUSUS (Rp) | E4: MANASUKA (Rp) | F4: WAJIB (Rp) | G4: SHU (Rp) | H4: Tanggal | I4: Catatan
A5: =IF(B5="","",ROW()-4) -> 1 | B5: A. Rafik | C5: =IF(B5="","",IF(COUNTIF('01_Anggota'!$D$5:$D$1212,B5)=0,"NAMA TIDAK DITEMUKAN",INDEX('01_Anggota'!$B$5:$B$1212,MATCH(B5,'01_Anggota'!$D$5:$D$1212,0)))) -> KKSUK-000166 | D5: 0 | E5: 1600000 | F5: 800000 | G5: 0 | H5: 46023 | I5: 00. Saldo Akhir 2025
A6: =IF(B6="","",ROW()-4) -> 2 | B6: A. Rafik | C6: =IF(B6="","",IF(COUNTIF('01_Anggota'!$D$5:$D$1212,B6)=0,"NAMA TIDAK DITEMUKAN",INDEX('01_Anggota'!$B$5:$B$1212,MATCH(B6,'01_Anggota'!$D$5:$D$1212,0)))) -> KKSUK-000166 | D6: 0 | E6: 200000 | F6: 100000 | G6: 0 | H6: 46045 | I6: 01. Jan 2026
A7: =IF(B7="","",ROW()-4) -> 3 | B7: A. Rafik | C7: =IF(B7="","",IF(COUNTIF('01_Anggota'!$D$5:$D$1212,B7)=0,"NAMA TIDAK DITEMUKAN",INDEX('01_Anggota'!$B$5:$B$1212,MATCH(B7,'01_Anggota'!$D$5:$D$1212,0)))) -> KKSUK-000166 | D7: 0 | E7: 200000 | F7: 100000 | G7: 0 | H7: 46078 | I7: 02. Feb 2026
A8: =IF(B8="","",ROW()-4) -> 4 | B8: A. Rafik | C8: =IF(B8="","",IF(COUNTIF('01_Anggota'!$D$5:$D$1212,B8)=0,"NAMA TIDAK DITEMUKAN",INDEX('01_Anggota'!$B$5:$B$1212,MATCH(B8,'01_Anggota'!$D$5:$D$1212,0)))) -> KKSUK-000166 | D8: 0 | E8: 200000 | F8: 100000 | G8: 0 | H8: 46106 | I8: 03. Mar 2026
A9: =IF(B9="","",ROW()-4) -> 5 | B9: A. Rafik | C9: =IF(B9="","",IF(COUNTIF('01_Anggota'!$D$5:$D$1212,B9)=0,"NAMA TIDAK DITEMUKAN",INDEX('01_Anggota'!$B$5:$B$1212,MATCH(B9,'01_Anggota'!$D$5:$D$1212,0)))) -> KKSUK-000166 | D9: 0 | E9: 200000 | F9: 100000 | G9: 0 | H9: 46136 | I9: 04. Apr 2026
A10: =IF(B10="","",ROW()-4) -> 6 | B10: A. Rafik | C10: =IF(B10="","",IF(COUNTIF('01_Anggota'!$D$5:$D$1212,B10)=0,"NAMA TIDAK DITEMUKAN",INDEX('01_Anggota'!$B$5:$B$1212,MATCH(B10,'01_Anggota'!$D$5:$D$1212,0)))) -> KKSUK-000166 | D10: 0 | E10: 200000 | F10: 100000 | G10: 0 | H10: 46167 | I10: 05. Mei 2026
A11: =IF(B11="","",ROW()-4) -> 7 | B11: A. Rafik | C11: =IF(B11="","",IF(COUNTIF('01_Anggota'!$D$5:$D$1212,B11)=0,"NAMA TIDAK DITEMUKAN",INDEX('01_Anggota'!$B$5:$B$1212,MATCH(B11,'01_Anggota'!$D$5:$D$1212,0)))) -> KKSUK-000166 | D11: 0 | E11: 200000 | F11: 100000 | G11: 0 | H11: 46198 | I11: 06. Jun 2026
A12: =IF(B12="","",ROW()-4) -> 8 | B12: A. Rafik | C12: =IF(B12="","",IF(COUNTIF('01_Anggota'!$D$5:$D$1212,B12)=0,"NAMA TIDAK DITEMUKAN",INDEX('01_Anggota'!$B$5:$B$1212,MATCH(B12,'01_Anggota'!$D$5:$D$1212,0)))) -> KKSUK-000166 | D12: 0 | E12: 200000 | F12: 100000 | G12: 0 | H12: 46227 | I12: 07. Jul 2026
A13: =IF(B13="","",ROW()-4) -> 9 | B13: A. Rafik | C13: =IF(B13="","",IF(COUNTIF('01_Anggota'!$D$5:$D$1212,B13)=0,"NAMA TIDAK DITEMUKAN",INDEX('01_Anggota'!$B$5:$B$1212,MATCH(B13,'01_Anggota'!$D$5:$D$1212,0)))) -> KKSUK-000166 | D13: 0 | E13: 200000 | F13: 100000 | G13: 0 | H13: 46258 | I13: 08. Agu 2026
A14: =IF(B14="","",ROW()-4) -> 10 | B14: Aan Supriyatin | C14: =IF(B14="","",IF(COUNTIF('01_Anggota'!$D$5:$D$1212,B14)=0,"NAMA TIDAK DITEMUKAN",INDEX('01_Anggota'!$B$5:$B$1212,MATCH(B14,'01_Anggota'!$D$5:$D$1212,0)))) -> KKSUK-000158 | D14: 0 | E14: 1800000 | F14: 1000000 | G14: 0 | H14: 46023 | I14: 00. Saldo Akhir 2025
A15: =IF(B15="","",ROW()-4) -> 11 | B15: Aan Supriyatin | C15: =IF(B15="","",IF(COUNTIF('01_Anggota'!$D$5:$D$1212,B15)=0,"NAMA TIDAK DITEMUKAN",INDEX('01_Anggota'!$B$5:$B$1212,MATCH(B15,'01_Anggota'!$D$5:$D$1212,0)))) -> KKSUK-000158 | D15: 0 | E15: 150000 | F15: 100000 | G15: 0 | H15: 46045 | I15: 01. Jan 2026
A16: =IF(B16="","",ROW()-4) -> 12 | B16: Aan Supriyatin | C16: =IF(B16="","",IF(COUNTIF('01_Anggota'!$D$5:$D$1212,B16)=0,"NAMA TIDAK DITEMUKAN",INDEX('01_Anggota'!$B$5:$B$1212,MATCH(B16,'01_Anggota'!$D$5:$D$1212,0)))) -> KKSUK-000158 | D16: 0 | E16: 150000 | F16: 100000 | G16: 0 | H16: 46078 | I16: 02. Feb 2026
... A994: =IF(B994="","",ROW()-4) -> 990 | B994: Mohamad Firdaus | C994: =IF(B994="","",IF(COUNTIF('01_Anggota'!$D$5:$D$1212,B994)=0,"NAMA TIDAK DITEMUKAN",INDEX('01_Anggota'!$B$5:$B$1212,MATCH(B994,'01_Anggota'!$D$5:$D$1212,0)))) -> KKSUK-000143 | D994: 0 | E994: 100000 | F994: 100000 | G994: 0 | H994: 46258 | I994: 08. Agu 2026
A995: =IF(B995="","",ROW()-4) -> 991 | B995: Mohammad Rizki | C995: =IF(B995="","",IF(COUNTIF('01_Anggota'!$D$5:$D$1212,B995)=0,"NAMA TIDAK DITEMUKAN",INDEX('01_Anggota'!$B$5:$B$1212,MATCH(B995,'01_Anggota'!$D$5:$D$1212,0)))) -> KKSUK-000032 | E995: 2083058 | F995: 7954113.3 | G995: 2800919 | H995: 46023 | I995: 00. Saldo Akhir 2025
A996: =IF(B996="","",ROW()-4) -> 992 | B996: Mohammad Rizki | C996: =IF(B996="","",IF(COUNTIF('01_Anggota'!$D$5:$D$1212,B996)=0,"NAMA TIDAK DITEMUKAN",INDEX('01_Anggota'!$B$5:$B$1212,MATCH(B996,'01_Anggota'!$D$5:$D$1212,0)))) -> KKSUK-000032 | D996: 0 | E996: 50000 | F996: 100000 | G996: 0 | H996: 46045 | I996: 01. Jan 2026
A997: =IF(B997="","",ROW()-4) -> 993 | B997: Mohammad Rizki | C997: =IF(B997="","",IF(COUNTIF('01_Anggota'!$D$5:$D$1212,B997)=0,"NAMA TIDAK DITEMUKAN",INDEX('01_Anggota'!$B$5:$B$1212,MATCH(B997,'01_Anggota'!$D$5:$D$1212,0)))) -> KKSUK-000032 | D997: 0 | E997: 50000 | F997: 100000 | G997: 0 | H997: 46078 | I997: 02. Feb 2026
A998: =IF(B998="","",ROW()-4) -> 994 | B998: Mohammad Rizki | C998: =IF(B998="","",IF(COUNTIF('01_Anggota'!$D$5:$D$1212,B998)=0,"NAMA TIDAK DITEMUKAN",INDEX('01_Anggota'!$B$5:$B$1212,MATCH(B998,'01_Anggota'!$D$5:$D$1212,0)))) -> KKSUK-000032 | D998: 0 | E998: 50000 | F998: 100000 | G998: 0 | H998: 46106 | I998: 03. Mar 2026
A999: =IF(B999="","",ROW()-4) -> 995 | B999: Mohammad Rizki | C999: =IF(B999="","",IF(COUNTIF('01_Anggota'!$D$5:$D$1212,B999)=0,"NAMA TIDAK DITEMUKAN",INDEX('01_Anggota'!$B$5:$B$1212,MATCH(B999,'01_Anggota'!$D$5:$D$1212,0)))) -> KKSUK-000032 | D999: 0 | E999: 50000 | F999: 150000 | G999: 0 | H999: 46136 | I999: 04. Apr 2026
A1000: =IF(B1000="","",ROW()-4) -> 996 | B1000: Mohammad Rizki | C1000: =IF(B1000="","",IF(COUNTIF('01_Anggota'!$D$5:$D$1212,B1000)=0,"NAMA TIDAK DITEMUKAN",INDEX('01_Anggota'!$B$5:$B$1212,MATCH(B1000,'01_Anggota'!$D$5:$D$1212,0)))) -> KKSUK-000032 | D1000: 0 | E1000: 50000 | F1000: 150000 | G1000: 0 | H1000: 46167 | I1000: 05. Mei 2026
A1001: =IF(B1001="","",ROW()-4) -> 997 | B1001: Mohammad Rizki | C1001: =IF(B1001="","",IF(COUNTIF('01_Anggota'!$D$5:$D$1212,B1001)=0,"NAMA TIDAK DITEMUKAN",INDEX('01_Anggota'!$B$5:$B$1212,MATCH(B1001,'01_Anggota'!$D$5:$D$1212,0)))) -> KKSUK-000032 | D1001: 0 | E1001: 50000 | F1001: 150000 | G1001: 0 | H1001: 46198 | I1001: 06. Jun 2026
A1002: =IF(B1002="","",ROW()-4) -> 998 | B1002: Mohammad Rizki | C1002: =IF(B1002="","",IF(COUNTIF('01_Anggota'!$D$5:$D$1212,B1002)=0,"NAMA TIDAK DITEMUKAN",INDEX('01_Anggota'!$B$5:$B$1212,MATCH(B1002,'01_Anggota'!$D$5:$D$1212,0)))) -> KKSUK-000032 | D1002: 0 | E1002: 50000 | F1002: 150000 | G1002: 0 | H1002: 46227 | I1002: 07. Jul 2026
A1003: =IF(B1003="","",ROW()-4) -> 999 | B1003: Mohammad Rizki | C1003: =IF(B1003="","",IF(COUNTIF('01_Anggota'!$D$5:$D$1212,B1003)=0,"NAMA TIDAK DITEMUKAN",INDEX('01_Anggota'!$B$5:$B$1212,MATCH(B1003,'01_Anggota'!$D$5:$D$1212,0)))) -> KKSUK-000032 | D1003: 0 | E1003: 50000 | F1003: 150000 | G1003: 0 | H1003: 46258 | I1003: 08. Agu 2026
A1004: =IF(B1004="","",ROW()-4) -> 1000 | B1004: Muhammad Ade Faizal | C1004: =IF(B1004="","",IF(COUNTIF('01_Anggota'!$D$5:$D$1212,B1004)=0,"NAMA TIDAK DITEMUKAN",INDEX('01_Anggota'!$B$5:$B$1212,MATCH(B1004,'01_Anggota'!$D$5:$D$1212,0)))) -> KKSUK-000145 | D1004: 0 | E1004: 1500000 | F1004: 1500000 | G1004: 152081 | H1004: 46023 | I1004: 00. Saldo Akhir 2025
A1005: =IF(B1005="","",ROW()-4) -> 1001 | B1005: Muhammad Ade Faizal | C1005: =IF(B1005="","",IF(COUNTIF('01_Anggota'!$D$5:$D$1212,B1005)=0,"NAMA TIDAK DITEMUKAN",INDEX('01_Anggota'!$B$5:$B$1212,MATCH(B1005,'01_Anggota'!$D$5:$D$1212,0)))) -> KKSUK-000145 | D1005: 0 | E1005: 100000 | F1005: 100000 | G1005: 0 | H1005: 46045 | I1005: 01. Jan 2026
A1006: =IF(B1006="","",ROW()-4) -> 1002 | B1006: Muhammad Ade Faizal | C1006: =IF(B1006="","",IF(COUNTIF('01_Anggota'!$D$5:$D$1212,B1006)=0,"NAMA TIDAK DITEMUKAN",INDEX('01_Anggota'!$B$5:$B$1212,MATCH(B1006,'01_Anggota'!$D$5:$D$1212,0)))) -> KKSUK-000145 | D1006: 0 | E1006: 100000 | F1006: 100000 | G1006: 0 | H1006: 46078 | I1006: 02. Feb 2026
A1007: =IF(B1007="","",ROW()-4) -> 1003 | B1007: Muhammad Ade Faizal | C1007: =IF(B1007="","",IF(COUNTIF('01_Anggota'!$D$5:$D$1212,B1007)=0,"NAMA TIDAK DITEMUKAN",INDEX('01_Anggota'!$B$5:$B$1212,MATCH(B1007,'01_Anggota'!$D$5:$D$1212,0)))) -> KKSUK-000145 | D1007: 0 | E1007: 100000 | F1007: 100000 | G1007: 0 | H1007: 46106 | I1007: 03. Mar 2026
... A1739: =IF(B1739="","",ROW()-4) -> 1735 | B1739: Zalu Febri Lesmana | C1739: =IF(B1739="","",IF(COUNTIF('01_Anggota'!$D$5:$D$1212,B1739)=0,"NAMA TIDAK DITEMUKAN",INDEX('01_Anggota'!$B$5:$B$1212,MATCH(B1739,'01_Anggota'!$D$5:$D$1212,0)))) -> KKSUK-000188 | D1739: 0 | E1739: 200000 | F1739: 100000 | G1739: 0 | H1739: 46258 | I1739: 08. Agu 2026

Sheet 04_Pinjaman
A1: Data pinjaman
A2: Satu baris untuk setiap pinjaman. Buat Nomor Pinjaman yang unik agar angsuran dapat disambungkan.
A4: No Pinjaman * | B4: Nama Anggota * | C4: NPP (otomatis) | D4: Jenis Pinjaman * | E4: Pokok (Rp) * | F4: Admin (Rp) | G4: Total Kewajiban (Rp) * | H4: Lama Cicilan (Bulan) * | I4: Tanggal Cair * | J4: Status * | K4: Catatan
A5: 1 | B5: Abdul Cahyo Nugroho | C5: =IF(B5="","",IF(COUNTIF('01_Anggota'!$D$5:$D$1212,B5)=0,"NAMA TIDAK DITEMUKAN",INDEX('01_Anggota'!$B$5:$B$1212,MATCH(B5,'01_Anggota'!$D$5:$D$1212,0)))) -> KKSUK-000001 | D5: Reguler | E5: 6000000 | F5: 600000 | G5: =PinjamanTable[[#This Row],[Pokok (Rp) *]]+PinjamanTable[[#This Row],[Admin (Rp)]] -> 6600000 | H5: 10 | I5: 46022 | J5: Berjalan
A6: 2 | B6: Abdul Cahyo Nugroho | C6: =IF(B6="","",IF(COUNTIF('01_Anggota'!$D$5:$D$1212,B6)=0,"NAMA TIDAK DITEMUKAN",INDEX('01_Anggota'!$B$5:$B$1212,MATCH(B6,'01_Anggota'!$D$5:$D$1212,0)))) -> KKSUK-000001 | D6: Reguler | E6: 3000000 | F6: 30000 | G6: =PinjamanTable[[#This Row],[Pokok (Rp) *]]+PinjamanTable[[#This Row],[Admin (Rp)]] -> 3030000 | H6: 1 | I6: 46141 | J6: Lunas
A7: 3 | B7: Ade Kurnia | C7: =IF(B7="","",IF(COUNTIF('01_Anggota'!$D$5:$D$1212,B7)=0,"NAMA TIDAK DITEMUKAN",INDEX('01_Anggota'!$B$5:$B$1212,MATCH(B7,'01_Anggota'!$D$5:$D$1212,0)))) -> KKSUK-000120 | D7: Reguler | E7: 800000 | F7: 80000 | G7: =PinjamanTable[[#This Row],[Pokok (Rp) *]]+PinjamanTable[[#This Row],[Admin (Rp)]] -> 880000 | H7: 1 | I7: 46022 | J7: Lunas
A8: 4 | B8: Ade Kurnia | C8: =IF(B8="","",IF(COUNTIF('01_Anggota'!$D$5:$D$1212,B8)=0,"NAMA TIDAK DITEMUKAN",INDEX('01_Anggota'!$B$5:$B$1212,MATCH(B8,'01_Anggota'!$D$5:$D$1212,0)))) -> KKSUK-000120 | D8: Reguler | E8: 3000000 | F8: 300000 | G8: =PinjamanTable[[#This Row],[Pokok (Rp) *]]+PinjamanTable[[#This Row],[Admin (Rp)]] -> 3300000 | H8: 10 | I8: 46038 | J8: Lunas
A9: 5 | B9: Ade Kurnia | C9: =IF(B9="","",IF(COUNTIF('01_Anggota'!$D$5:$D$1212,B9)=0,"NAMA TIDAK DITEMUKAN",INDEX('01_Anggota'!$B$5:$B$1212,MATCH(B9,'01_Anggota'!$D$5:$D$1212,0)))) -> KKSUK-000120 | D9: Reguler | E9: 5000000 | F9: 500000 | G9: =PinjamanTable[[#This Row],[Pokok (Rp) *]]+PinjamanTable[[#This Row],[Admin (Rp)]] -> 5500000 | H9: 10 | I9: 46176 | J9: Berjalan
A10: 6 | B10: Agung Pambudi | C10: =IF(B10="","",IF(COUNTIF('01_Anggota'!$D$5:$D$1212,B10)=0,"NAMA TIDAK DITEMUKAN",INDEX('01_Anggota'!$B$5:$B$1212,MATCH(B10,'01_Anggota'!$D$5:$D$1212,0)))) -> KKSUK-000067 | D10: Reguler | E10: 6400000 | F10: 768000 | G10: =PinjamanTable[[#This Row],[Pokok (Rp) *]]+PinjamanTable[[#This Row],[Admin (Rp)]] -> 7168000 | H10: 12 | I10: 45945 | J10: Berjalan
A11: 7 | B11: Ahmad Fauzi - 01743 | C11: =IF(B11="","",IF(COUNTIF('01_Anggota'!$D$5:$D$1212,B11)=0,"NAMA TIDAK DITEMUKAN",INDEX('01_Anggota'!$B$5:$B$1212,MATCH(B11,'01_Anggota'!$D$5:$D$1212,0)))) -> KKSUK-000144 | D11: Reguler | E11: 700000 | F11: 14000 | G11: =PinjamanTable[[#This Row],[Pokok (Rp) *]]+PinjamanTable[[#This Row],[Admin (Rp)]] -> 714000 | H11: 2 | I11: 46062 | J11: Lunas
A12: 8 | B12: Ahmad Fauzi - 01743 | C12: =IF(B12="","",IF(COUNTIF('01_Anggota'!$D$5:$D$1212,B12)=0,"NAMA TIDAK DITEMUKAN",INDEX('01_Anggota'!$B$5:$B$1212,MATCH(B12,'01_Anggota'!$D$5:$D$1212,0)))) -> KKSUK-000144 | D12: Reguler | E12: 3000000 | F12: 210000 | G12: =PinjamanTable[[#This Row],[Pokok (Rp) *]]+PinjamanTable[[#This Row],[Admin (Rp)]] -> 3210000 | H12: 7 | I12: 46182 | J12: Berjalan
A13: 9 | B13: Ahmad Jamaludin | C13: =IF(B13="","",IF(COUNTIF('01_Anggota'!$D$5:$D$1212,B13)=0,"NAMA TIDAK DITEMUKAN",INDEX('01_Anggota'!$B$5:$B$1212,MATCH(B13,'01_Anggota'!$D$5:$D$1212,0)))) -> KKSUK-000129 | D13: Reguler | E13: 25000000 | F13: 400000 | G13: =PinjamanTable[[#This Row],[Pokok (Rp) *]]+PinjamanTable[[#This Row],[Admin (Rp)]] -> 25400000 | H13: 14 | I13: 45709 | J13: Lunas
A14: 10 | B14: Ahmat Saifudin | C14: =IF(B14="","",IF(COUNTIF('01_Anggota'!$D$5:$D$1212,B14)=0,"NAMA TIDAK DITEMUKAN",INDEX('01_Anggota'!$B$5:$B$1212,MATCH(B14,'01_Anggota'!$D$5:$D$1212,0)))) -> KKSUK-000127 | D14: Reguler | E14: 3000000 | F14: 210000 | G14: =PinjamanTable[[#This Row],[Pokok (Rp) *]]+PinjamanTable[[#This Row],[Admin (Rp)]] -> 3210000 | H14: 7 | I14: 45820 | J14: Lunas
A15: 11 | B15: Ahmat Saifudin | C15: =IF(B15="","",IF(COUNTIF('01_Anggota'!$D$5:$D$1212,B15)=0,"NAMA TIDAK DITEMUKAN",INDEX('01_Anggota'!$B$5:$B$1212,MATCH(B15,'01_Anggota'!$D$5:$D$1212,0)))) -> KKSUK-000127 | D15: Reguler | E15: 3500000 | F15: 210000 | G15: =PinjamanTable[[#This Row],[Pokok (Rp) *]]+PinjamanTable[[#This Row],[Admin (Rp)]] -> 3710000 | H15: 6 | I15: 46055 | J15: Lunas
A16: 12 | B16: Ahmat Saifudin | C16: =IF(B16="","",IF(COUNTIF('01_Anggota'!$D$5:$D$1212,B16)=0,"NAMA TIDAK DITEMUKAN",INDEX('01_Anggota'!$B$5:$B$1212,MATCH(B16,'01_Anggota'!$D$5:$D$1212,0)))) -> KKSUK-000127 | D16: Reguler | E16: 5000000 | F16: 400000 | G16: =PinjamanTable[[#This Row],[Pokok (Rp) *]]+PinjamanTable[[#This Row],[Admin (Rp)]] -> 5400000 | H16: 8 | I16: 46233 | J16: Berjalan
... A43: 39 | B43: Eddy Sukaryan | C43: =IF(B43="","",IF(COUNTIF('01_Anggota'!$D$5:$D$1212,B43)=0,"NAMA TIDAK DITEMUKAN",INDEX('01_Anggota'!$B$5:$B$1212,MATCH(B43,'01_Anggota'!$D$5:$D$1212,0)))) -> KKSUK-000070 | D43: Reguler | E43: 57787193 | F43: 17803389 | G43: =PinjamanTable[[#This Row],[Pokok (Rp) *]]+PinjamanTable[[#This Row],[Admin (Rp)]] -> 75590582 | H43: 24 | I43: 45943 | J43: Berjalan
A44: 40 | B44: Eddy Sukaryan | C44: =IF(B44="","",IF(COUNTIF('01_Anggota'!$D$5:$D$1212,B44)=0,"NAMA TIDAK DITEMUKAN",INDEX('01_Anggota'!$B$5:$B$1212,MATCH(B44,'01_Anggota'!$D$5:$D$1212,0)))) -> KKSUK-000070 | D44: Reguler | E44: 47716469 | F44: 7157470 | G44: =PinjamanTable[[#This Row],[Pokok (Rp) *]]+PinjamanTable[[#This Row],[Admin (Rp)]] -> 54873939 | H44: 1 | I44: 46182 | J44: Berjalan | K44: Dipotong saat Pensiun
A45: 41 | B45: Eka Yanuar Santosa | C45: =IF(B45="","",IF(COUNTIF('01_Anggota'!$D$5:$D$1212,B45)=0,"NAMA TIDAK DITEMUKAN",INDEX('01_Anggota'!$B$5:$B$1212,MATCH(B45,'01_Anggota'!$D$5:$D$1212,0)))) -> KKSUK-000013 | D45: Reguler | E45: 25000000 | F45: 2500000 | G45: =PinjamanTable[[#This Row],[Pokok (Rp) *]]+PinjamanTable[[#This Row],[Admin (Rp)]] -> 27500000 | H45: 10 | I45: 45764 | J45: Lunas
A46: 42 | B46: Eka Yanuar Santosa | C46: =IF(B46="","",IF(COUNTIF('01_Anggota'!$D$5:$D$1212,B46)=0,"NAMA TIDAK DITEMUKAN",INDEX('01_Anggota'!$B$5:$B$1212,MATCH(B46,'01_Anggota'!$D$5:$D$1212,0)))) -> KKSUK-000013 | D46: Reguler | E46: 30000000 | F46: 4875000 | G46: =PinjamanTable[[#This Row],[Pokok (Rp) *]]+PinjamanTable[[#This Row],[Admin (Rp)]] -> 34875000 | H46: 15 | I46: 46108 | J46: Berjalan
A47: 43 | B47: Eko Junaidi | C47: =IF(B47="","",IF(COUNTIF('01_Anggota'!$D$5:$D$1212,B47)=0,"NAMA TIDAK DITEMUKAN",INDEX('01_Anggota'!$B$5:$B$1212,MATCH(B47,'01_Anggota'!$D$5:$D$1212,0)))) -> KKSUK-000071 | D47: Reguler | E47: 15000000 | F47: 1500000 | G47: =PinjamanTable[[#This Row],[Pokok (Rp) *]]+PinjamanTable[[#This Row],[Admin (Rp)]] -> 16500000 | H47: 10 | I47: 45985 | J47: Berjalan
A48: 44 | B48: Erfan Faulana | C48: =IF(B48="","",IF(COUNTIF('01_Anggota'!$D$5:$D$1212,B48)=0,"NAMA TIDAK DITEMUKAN",INDEX('01_Anggota'!$B$5:$B$1212,MATCH(B48,'01_Anggota'!$D$5:$D$1212,0)))) -> KKSUK-000152 | D48: Reguler | E48: 2000000 | F48: 100000 | G48: =PinjamanTable[[#This Row],[Pokok (Rp) *]]+PinjamanTable[[#This Row],[Admin (Rp)]] -> 2100000 | H48: 10 | I48: 45959 | J48: Lunas
A49: 45 | B49: Erfan Faulana | C49: =IF(B49="","",IF(COUNTIF('01_Anggota'!$D$5:$D$1212,B49)=0,"NAMA TIDAK DITEMUKAN",INDEX('01_Anggota'!$B$5:$B$1212,MATCH(B49,'01_Anggota'!$D$5:$D$1212,0)))) -> KKSUK-000152 | D49: Reguler | E49: 4000000 | F49: 240000 | G49: =PinjamanTable[[#This Row],[Pokok (Rp) *]]+PinjamanTable[[#This Row],[Admin (Rp)]] -> 4240000 | H49: 6 | I49: 46030 | J49: Lunas
A50: 46 | B50: Erfan Faulana | C50: =IF(B50="","",IF(COUNTIF('01_Anggota'!$D$5:$D$1212,B50)=0,"NAMA TIDAK DITEMUKAN",INDEX('01_Anggota'!$B$5:$B$1212,MATCH(B50,'01_Anggota'!$D$5:$D$1212,0)))) -> KKSUK-000152 | D50: Reguler | E50: 6000000 | F50: 600000 | G50: =PinjamanTable[[#This Row],[Pokok (Rp) *]]+PinjamanTable[[#This Row],[Admin (Rp)]] -> 6600000 | H50: 10 | I50: 46161 | J50: Berjalan
A51: 47 | B51: Fajar Bintara | C51: =IF(B51="","",IF(COUNTIF('01_Anggota'!$D$5:$D$1212,B51)=0,"NAMA TIDAK DITEMUKAN",INDEX('01_Anggota'!$B$5:$B$1212,MATCH(B51,'01_Anggota'!$D$5:$D$1212,0)))) -> KKSUK-000175 | D51: Reguler | E51: 3520000 | F51: 0 | G51: =PinjamanTable[[#This Row],[Pokok (Rp) *]]+PinjamanTable[[#This Row],[Admin (Rp)]] -> 3520000 | H51: 3 | I51: 46022 | J51: Lunas
A52: 48 | B52: Fellix Stephen Willa | C52: =IF(B52="","",IF(COUNTIF('01_Anggota'!$D$5:$D$1212,B52)=0,"NAMA TIDAK DITEMUKAN",INDEX('01_Anggota'!$B$5:$B$1212,MATCH(B52,'01_Anggota'!$D$5:$D$1212,0)))) -> KKSUK-000061 | D52: Reguler | E52: 50000000 | F52: 12500000 | G52: =PinjamanTable[[#This Row],[Pokok (Rp) *]]+PinjamanTable[[#This Row],[Admin (Rp)]] -> 62500000 | H52: 24 | I52: 45992 | J52: Lunas
A53: 49 | B53: Fellix Stephen Willa | C53: =IF(B53="","",IF(COUNTIF('01_Anggota'!$D$5:$D$1212,B53)=0,"NAMA TIDAK DITEMUKAN",INDEX('01_Anggota'!$B$5:$B$1212,MATCH(B53,'01_Anggota'!$D$5:$D$1212,0)))) -> KKSUK-000061 | D53: Reguler | E53: 56000000 | F53: 17160000 | G53: =PinjamanTable[[#This Row],[Pokok (Rp) *]]+PinjamanTable[[#This Row],[Admin (Rp)]] -> 73160000 | H53: 24 | I53: 46261 | J53: Berjalan
A54: 50 | B54: Ferry Firmanto | C54: =IF(B54="","",IF(COUNTIF('01_Anggota'!$D$5:$D$1212,B54)=0,"NAMA TIDAK DITEMUKAN",INDEX('01_Anggota'!$B$5:$B$1212,MATCH(B54,'01_Anggota'!$D$5:$D$1212,0)))) -> KKSUK-000055 | D54: Reguler | E54: 38231670 | F54: 0 | G54: =PinjamanTable[[#This Row],[Pokok (Rp) *]]+PinjamanTable[[#This Row],[Admin (Rp)]] -> 38231670 | H54: 24 | I54: 46022 | J54: Lunas
A55: 51 | B55: Ferry Firmanto | C55: =IF(B55="","",IF(COUNTIF('01_Anggota'!$D$5:$D$1212,B55)=0,"NAMA TIDAK DITEMUKAN",INDEX('01_Anggota'!$B$5:$B$1212,MATCH(B55,'01_Anggota'!$D$5:$D$1212,0)))) -> KKSUK-000055 | D55: Reguler | E55: 50000000 | F55: 15000000 | G55: =PinjamanTable[[#This Row],[Pokok (Rp) *]]+PinjamanTable[[#This Row],[Admin (Rp)]] -> 65000000 | H55: 24 | I55: 46045 | J55: Berjalan
A56: 52 | B56: Ferry Firmanto | C56: =IF(B56="","",IF(COUNTIF('01_Anggota'!$D$5:$D$1212,B56)=0,"NAMA TIDAK DITEMUKAN",INDEX('01_Anggota'!$B$5:$B$1212,MATCH(B56,'01_Anggota'!$D$5:$D$1212,0)))) -> KKSUK-000055 | D56: Reguler | E56: 12000000 | F56: 4320000 | G56: =PinjamanTable[[#This Row],[Pokok (Rp) *]]+PinjamanTable[[#This Row],[Admin (Rp)]] -> 16320000 | H56: 24 | I56: 46245 | J56: Berjalan
... A81: 77 | B81: Indra Suwanda | C81: =IF(B81="","",IF(COUNTIF('01_Anggota'!$D$5:$D$1212,B81)=0,"NAMA TIDAK DITEMUKAN",INDEX('01_Anggota'!$B$5:$B$1212,MATCH(B81,'01_Anggota'!$D$5:$D$1212,0)))) -> KKSUK-000021 | D81: Reguler | E81: 3000000 | F81: 180000 | G81: =PinjamanTable[[#This Row],[Pokok (Rp) *]]+PinjamanTable[[#This Row],[Admin (Rp)]] -> 3180000 | H81: 6 | I81: 45987 | J81: Lunas
C82: =IF(B82="","",IF(COUNTIF('01_Anggota'!$D$5:$D$1212,B82)=0,"NAMA TIDAK DITEMUKAN",INDEX('01_Anggota'!$B$5:$B$1212,MATCH(B82,'01_Anggota'!$D$5:$D$1212,0)))) | G82: =PinjamanTable[[#This Row],[Pokok (Rp) *]]+PinjamanTable[[#This Row],[Admin (Rp)]] -> 0
C83: =IF(B83="","",IF(COUNTIF('01_Anggota'!$D$5:$D$1212,B83)=0,"NAMA TIDAK DITEMUKAN",INDEX('01_Anggota'!$B$5:$B$1212,MATCH(B83,'01_Anggota'!$D$5:$D$1212,0)))) | G83: =PinjamanTable[[#This Row],[Pokok (Rp) *]]+PinjamanTable[[#This Row],[Admin (Rp)]] -> 0
C84: =IF(B84="","",IF(COUNTIF('01_Anggota'!$D$5:$D$1212,B84)=0,"NAMA TIDAK DITEMUKAN",INDEX('01_Anggota'!$B$5:$B$1212,MATCH(B84,'01_Anggota'!$D$5:$D$1212,0)))) | G84: =PinjamanTable[[#This Row],[Pokok (Rp) *]]+PinjamanTable[[#This Row],[Admin (Rp)]] -> 0
C85: =IF(B85="","",IF(COUNTIF('01_Anggota'!$D$5:$D$1212,B85)=0,"NAMA TIDAK DITEMUKAN",INDEX('01_Anggota'!$B$5:$B$1212,MATCH(B85,'01_Anggota'!$D$5:$D$1212,0)))) | G85: =PinjamanTable[[#This Row],[Pokok (Rp) *]]+PinjamanTable[[#This Row],[Admin (Rp)]] -> 0
C86: =IF(B86="","",IF(COUNTIF('01_Anggota'!$D$5:$D$1212,B86)=0,"NAMA TIDAK DITEMUKAN",INDEX('01_Anggota'!$B$5:$B$1212,MATCH(B86,'01_Anggota'!$D$5:$D$1212,0)))) | G86: =PinjamanTable[[#This Row],[Pokok (Rp) *]]+PinjamanTable[[#This Row],[Admin (Rp)]] -> 0
C87: =IF(B87="","",IF(COUNTIF('01_Anggota'!$D$5:$D$1212,B87)=0,"NAMA TIDAK DITEMUKAN",INDEX('01_Anggota'!$B$5:$B$1212,MATCH(B87,'01_Anggota'!$D$5:$D$1212,0)))) | G87: =PinjamanTable[[#This Row],[Pokok (Rp) *]]+PinjamanTable[[#This Row],[Admin (Rp)]] -> 0
C88: =IF(B88="","",IF(COUNTIF('01_Anggota'!$D$5:$D$1212,B88)=0,"NAMA TIDAK DITEMUKAN",INDEX('01_Anggota'!$B$5:$B$1212,MATCH(B88,'01_Anggota'!$D$5:$D$1212,0)))) | G88: =PinjamanTable[[#This Row],[Pokok (Rp) *]]+PinjamanTable[[#This Row],[Admin (Rp)]] -> 0
C89: =IF(B89="","",IF(COUNTIF('01_Anggota'!$D$5:$D$1212,B89)=0,"NAMA TIDAK DITEMUKAN",INDEX('01_Anggota'!$B$5:$B$1212,MATCH(B89,'01_Anggota'!$D$5:$D$1212,0)))) | G89: =PinjamanTable[[#This Row],[Pokok (Rp) *]]+PinjamanTable[[#This Row],[Admin (Rp)]] -> 0
C90: =IF(B90="","",IF(COUNTIF('01_Anggota'!$D$5:$D$1212,B90)=0,"NAMA TIDAK DITEMUKAN",INDEX('01_Anggota'!$B$5:$B$1212,MATCH(B90,'01_Anggota'!$D$5:$D$1212,0)))) | G90: =PinjamanTable[[#This Row],[Pokok (Rp) *]]+PinjamanTable[[#This Row],[Admin (Rp)]] -> 0
C91: =IF(B91="","",IF(COUNTIF('01_Anggota'!$D$5:$D$1212,B91)=0,"NAMA TIDAK DITEMUKAN",INDEX('01_Anggota'!$B$5:$B$1212,MATCH(B91,'01_Anggota'!$D$5:$D$1212,0)))) | G91: =PinjamanTable[[#This Row],[Pokok (Rp) *]]+PinjamanTable[[#This Row],[Admin (Rp)]] -> 0
C92: =IF(B92="","",IF(COUNTIF('01_Anggota'!$D$5:$D$1212,B92)=0,"NAMA TIDAK DITEMUKAN",INDEX('01_Anggota'!$B$5:$B$1212,MATCH(B92,'01_Anggota'!$D$5:$D$1212,0)))) | G92: =PinjamanTable[[#This Row],[Pokok (Rp) *]]+PinjamanTable[[#This Row],[Admin (Rp)]] -> 0
C93: =IF(B93="","",IF(COUNTIF('01_Anggota'!$D$5:$D$1212,B93)=0,"NAMA TIDAK DITEMUKAN",INDEX('01_Anggota'!$B$5:$B$1212,MATCH(B93,'01_Anggota'!$D$5:$D$1212,0)))) | G93: =PinjamanTable[[#This Row],[Pokok (Rp) *]]+PinjamanTable[[#This Row],[Admin (Rp)]] -> 0
... C1004: =IF(B1004="","",IF(COUNTIF('01_Anggota'!$D$5:$D$1212,B1004)=0,"NAMA TIDAK DITEMUKAN",INDEX('01_Anggota'!$B$5:$B$1212,MATCH(B1004,'01_Anggota'!$D$5:$D$1212,0)))) | G1004: =PinjamanTable[[#This Row],[Pokok (Rp) *]]+PinjamanTable[[#This Row],[Admin (Rp)]] -> 0

Sheet 05_Angsuran
A1: Data angsuran
A2: Satu baris untuk setiap pembayaran. Pilih No Pinjaman dari daftar.
A4: No Angsuran (otomatis) | B4: No Pinjaman * | C4: Nama Anggota (otomatis) | D4: NPP (otomatis) | E4: Tanggal * | F4: Jumlah (Rp) * | G4: Catatan
A5: =IF(B5="","",ROW()-4) -> 1 | B5: 1 | C5: =IF(B5="","",IF(COUNTIF('04_Pinjaman'!$A$5:$A$1004,B5)=0,"NO PINJAMAN TIDAK DITEMUKAN",INDEX('04_Pinjaman'!$B$5:$B$1004,MATCH(B5,'04_Pinjaman'!$A$5:$A$1004,0)))) -> Abdul Cahyo Nugroho | D5: =IF(B5="","",IF(COUNTIF('04_Pinjaman'!$A$5:$A$1004,B5)=0,"NPP TIDAK DITEMUKAN",INDEX('04_Pinjaman'!$C$5:$C$1004,MATCH(B5,'04_Pinjaman'!$A$5:$A$1004,0)))) -> KKSUK-000001 | E5: 46045 | F5: 660000
A6: =IF(B6="","",ROW()-4) -> 2 | B6: 1 | C6: =IF(B6="","",IF(COUNTIF('04_Pinjaman'!$A$5:$A$1004,B6)=0,"NO PINJAMAN TIDAK DITEMUKAN",INDEX('04_Pinjaman'!$B$5:$B$1004,MATCH(B6,'04_Pinjaman'!$A$5:$A$1004,0)))) -> Abdul Cahyo Nugroho | D6: =IF(B6="","",IF(COUNTIF('04_Pinjaman'!$A$5:$A$1004,B6)=0,"NPP TIDAK DITEMUKAN",INDEX('04_Pinjaman'!$C$5:$C$1004,MATCH(B6,'04_Pinjaman'!$A$5:$A$1004,0)))) -> KKSUK-000001 | E6: 46078 | F6: 660000
A7: =IF(B7="","",ROW()-4) -> 3 | B7: 1 | C7: =IF(B7="","",IF(COUNTIF('04_Pinjaman'!$A$5:$A$1004,B7)=0,"NO PINJAMAN TIDAK DITEMUKAN",INDEX('04_Pinjaman'!$B$5:$B$1004,MATCH(B7,'04_Pinjaman'!$A$5:$A$1004,0)))) -> Abdul Cahyo Nugroho | D7: =IF(B7="","",IF(COUNTIF('04_Pinjaman'!$A$5:$A$1004,B7)=0,"NPP TIDAK DITEMUKAN",INDEX('04_Pinjaman'!$C$5:$C$1004,MATCH(B7,'04_Pinjaman'!$A$5:$A$1004,0)))) -> KKSUK-000001 | E7: 46106 | F7: 660000
A8: =IF(B8="","",ROW()-4) -> 4 | B8: 1 | C8: =IF(B8="","",IF(COUNTIF('04_Pinjaman'!$A$5:$A$1004,B8)=0,"NO PINJAMAN TIDAK DITEMUKAN",INDEX('04_Pinjaman'!$B$5:$B$1004,MATCH(B8,'04_Pinjaman'!$A$5:$A$1004,0)))) -> Abdul Cahyo Nugroho | D8: =IF(B8="","",IF(COUNTIF('04_Pinjaman'!$A$5:$A$1004,B8)=0,"NPP TIDAK DITEMUKAN",INDEX('04_Pinjaman'!$C$5:$C$1004,MATCH(B8,'04_Pinjaman'!$A$5:$A$1004,0)))) -> KKSUK-000001 | E8: 46136 | F8: 660000
A9: =IF(B9="","",ROW()-4) -> 5 | B9: 1 | C9: =IF(B9="","",IF(COUNTIF('04_Pinjaman'!$A$5:$A$1004,B9)=0,"NO PINJAMAN TIDAK DITEMUKAN",INDEX('04_Pinjaman'!$B$5:$B$1004,MATCH(B9,'04_Pinjaman'!$A$5:$A$1004,0)))) -> Abdul Cahyo Nugroho | D9: =IF(B9="","",IF(COUNTIF('04_Pinjaman'!$A$5:$A$1004,B9)=0,"NPP TIDAK DITEMUKAN",INDEX('04_Pinjaman'!$C$5:$C$1004,MATCH(B9,'04_Pinjaman'!$A$5:$A$1004,0)))) -> KKSUK-000001 | E9: 46167 | F9: 660000
A10: =IF(B10="","",ROW()-4) -> 6 | B10: 2 | C10: =IF(B10="","",IF(COUNTIF('04_Pinjaman'!$A$5:$A$1004,B10)=0,"NO PINJAMAN TIDAK DITEMUKAN",INDEX('04_Pinjaman'!$B$5:$B$1004,MATCH(B10,'04_Pinjaman'!$A$5:$A$1004,0)))) -> Abdul Cahyo Nugroho | D10: =IF(B10="","",IF(COUNTIF('04_Pinjaman'!$A$5:$A$1004,B10)=0,"NPP TIDAK DITEMUKAN",INDEX('04_Pinjaman'!$C$5:$C$1004,MATCH(B10,'04_Pinjaman'!$A$5:$A$1004,0)))) -> KKSUK-000001 | E10: 46198 | F10: 3030000
A11: =IF(B11="","",ROW()-4) -> 7 | B11: 1 | C11: =IF(B11="","",IF(COUNTIF('04_Pinjaman'!$A$5:$A$1004,B11)=0,"NO PINJAMAN TIDAK DITEMUKAN",INDEX('04_Pinjaman'!$B$5:$B$1004,MATCH(B11,'04_Pinjaman'!$A$5:$A$1004,0)))) -> Abdul Cahyo Nugroho | D11: =IF(B11="","",IF(COUNTIF('04_Pinjaman'!$A$5:$A$1004,B11)=0,"NPP TIDAK DITEMUKAN",INDEX('04_Pinjaman'!$C$5:$C$1004,MATCH(B11,'04_Pinjaman'!$A$5:$A$1004,0)))) -> KKSUK-000001 | E11: 46198 | F11: 660000
A12: =IF(B12="","",ROW()-4) -> 8 | B12: 1 | C12: =IF(B12="","",IF(COUNTIF('04_Pinjaman'!$A$5:$A$1004,B12)=0,"NO PINJAMAN TIDAK DITEMUKAN",INDEX('04_Pinjaman'!$B$5:$B$1004,MATCH(B12,'04_Pinjaman'!$A$5:$A$1004,0)))) -> Abdul Cahyo Nugroho | D12: =IF(B12="","",IF(COUNTIF('04_Pinjaman'!$A$5:$A$1004,B12)=0,"NPP TIDAK DITEMUKAN",INDEX('04_Pinjaman'!$C$5:$C$1004,MATCH(B12,'04_Pinjaman'!$A$5:$A$1004,0)))) -> KKSUK-000001 | E12: 46227 | F12: 660000
A13: =IF(B13="","",ROW()-4) -> 9 | B13: 1 | C13: =IF(B13="","",IF(COUNTIF('04_Pinjaman'!$A$5:$A$1004,B13)=0,"NO PINJAMAN TIDAK DITEMUKAN",INDEX('04_Pinjaman'!$B$5:$B$1004,MATCH(B13,'04_Pinjaman'!$A$5:$A$1004,0)))) -> Abdul Cahyo Nugroho | D13: =IF(B13="","",IF(COUNTIF('04_Pinjaman'!$A$5:$A$1004,B13)=0,"NPP TIDAK DITEMUKAN",INDEX('04_Pinjaman'!$C$5:$C$1004,MATCH(B13,'04_Pinjaman'!$A$5:$A$1004,0)))) -> KKSUK-000001 | E13: 46258 | F13: 660000
A14: =IF(B14="","",ROW()-4) -> 10 | B14: 3 | C14: =IF(B14="","",IF(COUNTIF('04_Pinjaman'!$A$5:$A$1004,B14)=0,"NO PINJAMAN TIDAK DITEMUKAN",INDEX('04_Pinjaman'!$B$5:$B$1004,MATCH(B14,'04_Pinjaman'!$A$5:$A$1004,0)))) -> Ade Kurnia | D14: =IF(B14="","",IF(COUNTIF('04_Pinjaman'!$A$5:$A$1004,B14)=0,"NPP TIDAK DITEMUKAN",INDEX('04_Pinjaman'!$C$5:$C$1004,MATCH(B14,'04_Pinjaman'!$A$5:$A$1004,0)))) -> KKSUK-000120 | E14: 46176 | F14: 880000 | G14: Pelunasan Karena Topup
A15: =IF(B15="","",ROW()-4) -> 11 | B15: 4 | C15: =IF(B15="","",IF(COUNTIF('04_Pinjaman'!$A$5:$A$1004,B15)=0,"NO PINJAMAN TIDAK DITEMUKAN",INDEX('04_Pinjaman'!$B$5:$B$1004,MATCH(B15,'04_Pinjaman'!$A$5:$A$1004,0)))) -> Ade Kurnia | D15: =IF(B15="","",IF(COUNTIF('04_Pinjaman'!$A$5:$A$1004,B15)=0,"NPP TIDAK DITEMUKAN",INDEX('04_Pinjaman'!$C$5:$C$1004,MATCH(B15,'04_Pinjaman'!$A$5:$A$1004,0)))) -> KKSUK-000120 | E15: 46078 | F15: 330000
A16: =IF(B16="","",ROW()-4) -> 12 | B16: 4 | C16: =IF(B16="","",IF(COUNTIF('04_Pinjaman'!$A$5:$A$1004,B16)=0,"NO PINJAMAN TIDAK DITEMUKAN",INDEX('04_Pinjaman'!$B$5:$B$1004,MATCH(B16,'04_Pinjaman'!$A$5:$A$1004,0)))) -> Ade Kurnia | D16: =IF(B16="","",IF(COUNTIF('04_Pinjaman'!$A$5:$A$1004,B16)=0,"NPP TIDAK DITEMUKAN",INDEX('04_Pinjaman'!$C$5:$C$1004,MATCH(B16,'04_Pinjaman'!$A$5:$A$1004,0)))) -> KKSUK-000120 | E16: 46106 | F16: 330000
A17: =IF(B17="","",ROW()-4) -> 13 | B17: 4 | C17: =IF(B17="","",IF(COUNTIF('04_Pinjaman'!$A$5:$A$1004,B17)=0,"NO PINJAMAN TIDAK DITEMUKAN",INDEX('04_Pinjaman'!$B$5:$B$1004,MATCH(B17,'04_Pinjaman'!$A$5:$A$1004,0)))) -> Ade Kurnia | D17: =IF(B17="","",IF(COUNTIF('04_Pinjaman'!$A$5:$A$1004,B17)=0,"NPP TIDAK DITEMUKAN",INDEX('04_Pinjaman'!$C$5:$C$1004,MATCH(B17,'04_Pinjaman'!$A$5:$A$1004,0)))) -> KKSUK-000120 | E17: 46136 | F17: 330000
A18: =IF(B18="","",ROW()-4) -> 14 | B18: 4 | C18: =IF(B18="","",IF(COUNTIF('04_Pinjaman'!$A$5:$A$1004,B18)=0,"NO PINJAMAN TIDAK DITEMUKAN",INDEX('04_Pinjaman'!$B$5:$B$1004,MATCH(B18,'04_Pinjaman'!$A$5:$A$1004,0)))) -> Ade Kurnia | D18: =IF(B18="","",IF(COUNTIF('04_Pinjaman'!$A$5:$A$1004,B18)=0,"NPP TIDAK DITEMUKAN",INDEX('04_Pinjaman'!$C$5:$C$1004,MATCH(B18,'04_Pinjaman'!$A$5:$A$1004,0)))) -> KKSUK-000120 | E18: 46167 | F18: 330000
A19: =IF(B19="","",ROW()-4) -> 15 | B19: 4 | C19: =IF(B19="","",IF(COUNTIF('04_Pinjaman'!$A$5:$A$1004,B19)=0,"NO PINJAMAN TIDAK DITEMUKAN",INDEX('04_Pinjaman'!$B$5:$B$1004,MATCH(B19,'04_Pinjaman'!$A$5:$A$1004,0)))) -> Ade Kurnia | D19: =IF(B19="","",IF(COUNTIF('04_Pinjaman'!$A$5:$A$1004,B19)=0,"NPP TIDAK DITEMUKAN",INDEX('04_Pinjaman'!$C$5:$C$1004,MATCH(B19,'04_Pinjaman'!$A$5:$A$1004,0)))) -> KKSUK-000120 | E19: 46176 | F19: 2860000 | G19: Pelunasan Karena Topup
A20: =IF(B20="","",ROW()-4) -> 16 | B20: 5 | C20: =IF(B20="","",IF(COUNTIF('04_Pinjaman'!$A$5:$A$1004,B20)=0,"NO PINJAMAN TIDAK DITEMUKAN",INDEX('04_Pinjaman'!$B$5:$B$1004,MATCH(B20,'04_Pinjaman'!$A$5:$A$1004,0)))) -> Ade Kurnia | D20: =IF(B20="","",IF(COUNTIF('04_Pinjaman'!$A$5:$A$1004,B20)=0,"NPP TIDAK DITEMUKAN",INDEX('04_Pinjaman'!$C$5:$C$1004,MATCH(B20,'04_Pinjaman'!$A$5:$A$1004,0)))) -> KKSUK-000120 | E20: 46227 | F20: 550000
A21: =IF(B21="","",ROW()-4) -> 17 | B21: 5 | C21: =IF(B21="","",IF(COUNTIF('04_Pinjaman'!$A$5:$A$1004,B21)=0,"NO PINJAMAN TIDAK DITEMUKAN",INDEX('04_Pinjaman'!$B$5:$B$1004,MATCH(B21,'04_Pinjaman'!$A$5:$A$1004,0)))) -> Ade Kurnia | D21: =IF(B21="","",IF(COUNTIF('04_Pinjaman'!$A$5:$A$1004,B21)=0,"NPP TIDAK DITEMUKAN",INDEX('04_Pinjaman'!$C$5:$C$1004,MATCH(B21,'04_Pinjaman'!$A$5:$A$1004,0)))) -> KKSUK-000120 | E21: 46258 | F21: 550000
A22: =IF(B22="","",ROW()-4) -> 18 | B22: 6 | C22: =IF(B22="","",IF(COUNTIF('04_Pinjaman'!$A$5:$A$1004,B22)=0,"NO PINJAMAN TIDAK DITEMUKAN",INDEX('04_Pinjaman'!$B$5:$B$1004,MATCH(B22,'04_Pinjaman'!$A$5:$A$1004,0)))) -> Agung Pambudi | D22: =IF(B22="","",IF(COUNTIF('04_Pinjaman'!$A$5:$A$1004,B22)=0,"NPP TIDAK DITEMUKAN",INDEX('04_Pinjaman'!$C$5:$C$1004,MATCH(B22,'04_Pinjaman'!$A$5:$A$1004,0)))) -> KKSUK-000067 | E22: 46010 | F22: 597333
A23: =IF(B23="","",ROW()-4) -> 19 | B23: 6 | C23: =IF(B23="","",IF(COUNTIF('04_Pinjaman'!$A$5:$A$1004,B23)=0,"NO PINJAMAN TIDAK DITEMUKAN",INDEX('04_Pinjaman'!$B$5:$B$1004,MATCH(B23,'04_Pinjaman'!$A$5:$A$1004,0)))) -> Agung Pambudi | D23: =IF(B23="","",IF(COUNTIF('04_Pinjaman'!$A$5:$A$1004,B23)=0,"NPP TIDAK DITEMUKAN",INDEX('04_Pinjaman'!$C$5:$C$1004,MATCH(B23,'04_Pinjaman'!$A$5:$A$1004,0)))) -> KKSUK-000067 | E23: 46045 | F23: 597333
A24: =IF(B24="","",ROW()-4) -> 20 | B24: 6 | C24: =IF(B24="","",IF(COUNTIF('04_Pinjaman'!$A$5:$A$1004,B24)=0,"NO PINJAMAN TIDAK DITEMUKAN",INDEX('04_Pinjaman'!$B$5:$B$1004,MATCH(B24,'04_Pinjaman'!$A$5:$A$1004,0)))) -> Agung Pambudi | D24: =IF(B24="","",IF(COUNTIF('04_Pinjaman'!$A$5:$A$1004,B24)=0,"NPP TIDAK DITEMUKAN",INDEX('04_Pinjaman'!$C$5:$C$1004,MATCH(B24,'04_Pinjaman'!$A$5:$A$1004,0)))) -> KKSUK-000067 | E24: 46078 | F24: 597333
A25: =IF(B25="","",ROW()-4) -> 21 | B25: 6 | C25: =IF(B25="","",IF(COUNTIF('04_Pinjaman'!$A$5:$A$1004,B25)=0,"NO PINJAMAN TIDAK DITEMUKAN",INDEX('04_Pinjaman'!$B$5:$B$1004,MATCH(B25,'04_Pinjaman'!$A$5:$A$1004,0)))) -> Agung Pambudi | D25: =IF(B25="","",IF(COUNTIF('04_Pinjaman'!$A$5:$A$1004,B25)=0,"NPP TIDAK DITEMUKAN",INDEX('04_Pinjaman'!$C$5:$C$1004,MATCH(B25,'04_Pinjaman'!$A$5:$A$1004,0)))) -> KKSUK-000067 | E25: 46106 | F25: 597333
A26: =IF(B26="","",ROW()-4) -> 22 | B26: 6 | C26: =IF(B26="","",IF(COUNTIF('04_Pinjaman'!$A$5:$A$1004,B26)=0,"NO PINJAMAN TIDAK DITEMUKAN",INDEX('04_Pinjaman'!$B$5:$B$1004,MATCH(B26,'04_Pinjaman'!$A$5:$A$1004,0)))) -> Agung Pambudi | D26: =IF(B26="","",IF(COUNTIF('04_Pinjaman'!$A$5:$A$1004,B26)=0,"NPP TIDAK DITEMUKAN",INDEX('04_Pinjaman'!$C$5:$C$1004,MATCH(B26,'04_Pinjaman'!$A$5:$A$1004,0)))) -> KKSUK-000067 | E26: 46136 | F26: 597333
A27: =IF(B27="","",ROW()-4) -> 23 | B27: 6 | C27: =IF(B27="","",IF(COUNTIF('04_Pinjaman'!$A$5:$A$1004,B27)=0,"NO PINJAMAN TIDAK DITEMUKAN",INDEX('04_Pinjaman'!$B$5:$B$1004,MATCH(B27,'04_Pinjaman'!$A$5:$A$1004,0)))) -> Agung Pambudi | D27: =IF(B27="","",IF(COUNTIF('04_Pinjaman'!$A$5:$A$1004,B27)=0,"NPP TIDAK DITEMUKAN",INDEX('04_Pinjaman'!$C$5:$C$1004,MATCH(B27,'04_Pinjaman'!$A$5:$A$1004,0)))) -> KKSUK-000067 | E27: 46167 | F27: 597333
A28: =IF(B28="","",ROW()-4) -> 24 | B28: 6 | C28: =IF(B28="","",IF(COUNTIF('04_Pinjaman'!$A$5:$A$1004,B28)=0,"NO PINJAMAN TIDAK DITEMUKAN",INDEX('04_Pinjaman'!$B$5:$B$1004,MATCH(B28,'04_Pinjaman'!$A$5:$A$1004,0)))) -> Agung Pambudi | D28: =IF(B28="","",IF(COUNTIF('04_Pinjaman'!$A$5:$A$1004,B28)=0,"NPP TIDAK DITEMUKAN",INDEX('04_Pinjaman'!$C$5:$C$1004,MATCH(B28,'04_Pinjaman'!$A$5:$A$1004,0)))) -> KKSUK-000067 | E28: 46198 | F28: 597333
A29: =IF(B29="","",ROW()-4) -> 25 | B29: 6 | C29: =IF(B29="","",IF(COUNTIF('04_Pinjaman'!$A$5:$A$1004,B29)=0,"NO PINJAMAN TIDAK DITEMUKAN",INDEX('04_Pinjaman'!$B$5:$B$1004,MATCH(B29,'04_Pinjaman'!$A$5:$A$1004,0)))) -> Agung Pambudi | D29: =IF(B29="","",IF(COUNTIF('04_Pinjaman'!$A$5:$A$1004,B29)=0,"NPP TIDAK DITEMUKAN",INDEX('04_Pinjaman'!$C$5:$C$1004,MATCH(B29,'04_Pinjaman'!$A$5:$A$1004,0)))) -> KKSUK-000067 | E29: 46227 | F29: 597333
A30: =IF(B30="","",ROW()-4) -> 26 | B30: 6 | C30: =IF(B30="","",IF(COUNTIF('04_Pinjaman'!$A$5:$A$1004,B30)=0,"NO PINJAMAN TIDAK DITEMUKAN",INDEX('04_Pinjaman'!$B$5:$B$1004,MATCH(B30,'04_Pinjaman'!$A$5:$A$1004,0)))) -> Agung Pambudi | D30: =IF(B30="","",IF(COUNTIF('04_Pinjaman'!$A$5:$A$1004,B30)=0,"NPP TIDAK DITEMUKAN",INDEX('04_Pinjaman'!$C$5:$C$1004,MATCH(B30,'04_Pinjaman'!$A$5:$A$1004,0)))) -> KKSUK-000067 | E30: 46258 | F30: 597333
A31: =IF(B31="","",ROW()-4) -> 27 | B31: 7 | C31: =IF(B31="","",IF(COUNTIF('04_Pinjaman'!$A$5:$A$1004,B31)=0,"NO PINJAMAN TIDAK DITEMUKAN",INDEX('04_Pinjaman'!$B$5:$B$1004,MATCH(B31,'04_Pinjaman'!$A$5:$A$1004,0)))) -> Ahmad Fauzi - 01743 | D31: =IF(B31="","",IF(COUNTIF('04_Pinjaman'!$A$5:$A$1004,B31)=0,"NPP TIDAK DITEMUKAN",INDEX('04_Pinjaman'!$C$5:$C$1004,MATCH(B31,'04_Pinjaman'!$A$5:$A$1004,0)))) -> KKSUK-000144 | E31: 46106 | F31: 357000
... A56: =IF(B56="","",ROW()-4) -> 52 | B56: 10 | C56: =IF(B56="","",IF(COUNTIF('04_Pinjaman'!$A$5:$A$1004,B56)=0,"NO PINJAMAN TIDAK DITEMUKAN",INDEX('04_Pinjaman'!$B$5:$B$1004,MATCH(B56,'04_Pinjaman'!$A$5:$A$1004,0)))) -> Ahmat Saifudin | D56: =IF(B56="","",IF(COUNTIF('04_Pinjaman'!$A$5:$A$1004,B56)=0,"NPP TIDAK DITEMUKAN",INDEX('04_Pinjaman'!$C$5:$C$1004,MATCH(B56,'04_Pinjaman'!$A$5:$A$1004,0)))) -> KKSUK-000127 | E56: 46045 | F56: 458572
A57: =IF(B57="","",ROW()-4) -> 53 | B57: 10 | C57: =IF(B57="","",IF(COUNTIF('04_Pinjaman'!$A$5:$A$1004,B57)=0,"NO PINJAMAN TIDAK DITEMUKAN",INDEX('04_Pinjaman'!$B$5:$B$1004,MATCH(B57,'04_Pinjaman'!$A$5:$A$1004,0)))) -> Ahmat Saifudin | D57: =IF(B57="","",IF(COUNTIF('04_Pinjaman'!$A$5:$A$1004,B57)=0,"NPP TIDAK DITEMUKAN",INDEX('04_Pinjaman'!$C$5:$C$1004,MATCH(B57,'04_Pinjaman'!$A$5:$A$1004,0)))) -> KKSUK-000127 | E57: 46055 | F57: 458568 | G57: Pelunasan Karena Topup
A58: =IF(B58="","",ROW()-4) -> 54 | B58: 11 | C58: =IF(B58="","",IF(COUNTIF('04_Pinjaman'!$A$5:$A$1004,B58)=0,"NO PINJAMAN TIDAK DITEMUKAN",INDEX('04_Pinjaman'!$B$5:$B$1004,MATCH(B58,'04_Pinjaman'!$A$5:$A$1004,0)))) -> Ahmat Saifudin | D58: =IF(B58="","",IF(COUNTIF('04_Pinjaman'!$A$5:$A$1004,B58)=0,"NPP TIDAK DITEMUKAN",INDEX('04_Pinjaman'!$C$5:$C$1004,MATCH(B58,'04_Pinjaman'!$A$5:$A$1004,0)))) -> KKSUK-000127 | E58: 46106 | F58: 618333
A59: =IF(B59="","",ROW()-4) -> 55 | B59: 11 | C59: =IF(B59="","",IF(COUNTIF('04_Pinjaman'!$A$5:$A$1004,B59)=0,"NO PINJAMAN TIDAK DITEMUKAN",INDEX('04_Pinjaman'!$B$5:$B$1004,MATCH(B59,'04_Pinjaman'!$A$5:$A$1004,0)))) -> Ahmat Saifudin | D59: =IF(B59="","",IF(COUNTIF('04_Pinjaman'!$A$5:$A$1004,B59)=0,"NPP TIDAK DITEMUKAN",INDEX('04_Pinjaman'!$C$5:$C$1004,MATCH(B59,'04_Pinjaman'!$A$5:$A$1004,0)))) -> KKSUK-000127 | E59: 46136 | F59: 618333
A60: =IF(B60="","",ROW()-4) -> 56 | B60: 11 | C60: =IF(B60="","",IF(COUNTIF('04_Pinjaman'!$A$5:$A$1004,B60)=0,"NO PINJAMAN TIDAK DITEMUKAN",INDEX('04_Pinjaman'!$B$5:$B$1004,MATCH(B60,'04_Pinjaman'!$A$5:$A$1004,0)))) -> Ahmat Saifudin | D60: =IF(B60="","",IF(COUNTIF('04_Pinjaman'!$A$5:$A$1004,B60)=0,"NPP TIDAK DITEMUKAN",INDEX('04_Pinjaman'!$C$5:$C$1004,MATCH(B60,'04_Pinjaman'!$A$5:$A$1004,0)))) -> KKSUK-000127 | E60: 46167 | F60: 618333
A61: =IF(B61="","",ROW()-4) -> 57 | B61: 11 | C61: =IF(B61="","",IF(COUNTIF('04_Pinjaman'!$A$5:$A$1004,B61)=0,"NO PINJAMAN TIDAK DITEMUKAN",INDEX('04_Pinjaman'!$B$5:$B$1004,MATCH(B61,'04_Pinjaman'!$A$5:$A$1004,0)))) -> Ahmat Saifudin | D61: =IF(B61="","",IF(COUNTIF('04_Pinjaman'!$A$5:$A$1004,B61)=0,"NPP TIDAK DITEMUKAN",INDEX('04_Pinjaman'!$C$5:$C$1004,MATCH(B61,'04_Pinjaman'!$A$5:$A$1004,0)))) -> KKSUK-000127 | E61: 46198 | F61: 618333
A62: =IF(B62="","",ROW()-4) -> 58 | B62: 11 | C62: =IF(B62="","",IF(COUNTIF('04_Pinjaman'!$A$5:$A$1004,B62)=0,"NO PINJAMAN TIDAK DITEMUKAN",INDEX('04_Pinjaman'!$B$5:$B$1004,MATCH(B62,'04_Pinjaman'!$A$5:$A$1004,0)))) -> Ahmat Saifudin | D62: =IF(B62="","",IF(COUNTIF('04_Pinjaman'!$A$5:$A$1004,B62)=0,"NPP TIDAK DITEMUKAN",INDEX('04_Pinjaman'!$C$5:$C$1004,MATCH(B62,'04_Pinjaman'!$A$5:$A$1004,0)))) -> KKSUK-000127 | E62: 46227 | F62: 618333
A63: =IF(B63="","",ROW()-4) -> 59 | B63: 11 | C63: =IF(B63="","",IF(COUNTIF('04_Pinjaman'!$A$5:$A$1004,B63)=0,"NO PINJAMAN TIDAK DITEMUKAN",INDEX('04_Pinjaman'!$B$5:$B$1004,MATCH(B63,'04_Pinjaman'!$A$5:$A$1004,0)))) -> Ahmat Saifudin | D63: =IF(B63="","",IF(COUNTIF('04_Pinjaman'!$A$5:$A$1004,B63)=0,"NPP TIDAK DITEMUKAN",INDEX('04_Pinjaman'!$C$5:$C$1004,MATCH(B63,'04_Pinjaman'!$A$5:$A$1004,0)))) -> KKSUK-000127 | E63: 46258 | F63: 618335
A64: =IF(B64="","",ROW()-4) -> 60 | B64: 13 | C64: =IF(B64="","",IF(COUNTIF('04_Pinjaman'!$A$5:$A$1004,B64)=0,"NO PINJAMAN TIDAK DITEMUKAN",INDEX('04_Pinjaman'!$B$5:$B$1004,MATCH(B64,'04_Pinjaman'!$A$5:$A$1004,0)))) -> Alfian Noor | D64: =IF(B64="","",IF(COUNTIF('04_Pinjaman'!$A$5:$A$1004,B64)=0,"NPP TIDAK DITEMUKAN",INDEX('04_Pinjaman'!$C$5:$C$1004,MATCH(B64,'04_Pinjaman'!$A$5:$A$1004,0)))) -> KKSUK-000016 | E64: 46045 | F64: 4408333
A65: =IF(B65="","",ROW()-4) -> 61 | B65: 13 | C65: =IF(B65="","",IF(COUNTIF('04_Pinjaman'!$A$5:$A$1004,B65)=0,"NO PINJAMAN TIDAK DITEMUKAN",INDEX('04_Pinjaman'!$B$5:$B$1004,MATCH(B65,'04_Pinjaman'!$A$5:$A$1004,0)))) -> Alfian Noor | D65: =IF(B65="","",IF(COUNTIF('04_Pinjaman'!$A$5:$A$1004,B65)=0,"NPP TIDAK DITEMUKAN",INDEX('04_Pinjaman'!$C$5:$C$1004,MATCH(B65,'04_Pinjaman'!$A$5:$A$1004,0)))) -> KKSUK-000016 | E65: 46078 | F65: 4408333
A66: =IF(B66="","",ROW()-4) -> 62 | B66: 13 | C66: =IF(B66="","",IF(COUNTIF('04_Pinjaman'!$A$5:$A$1004,B66)=0,"NO PINJAMAN TIDAK DITEMUKAN",INDEX('04_Pinjaman'!$B$5:$B$1004,MATCH(B66,'04_Pinjaman'!$A$5:$A$1004,0)))) -> Alfian Noor | D66: =IF(B66="","",IF(COUNTIF('04_Pinjaman'!$A$5:$A$1004,B66)=0,"NPP TIDAK DITEMUKAN",INDEX('04_Pinjaman'!$C$5:$C$1004,MATCH(B66,'04_Pinjaman'!$A$5:$A$1004,0)))) -> KKSUK-000016 | E66: 46106 | F66: 4408333
A67: =IF(B67="","",ROW()-4) -> 63 | B67: 13 | C67: =IF(B67="","",IF(COUNTIF('04_Pinjaman'!$A$5:$A$1004,B67)=0,"NO PINJAMAN TIDAK DITEMUKAN",INDEX('04_Pinjaman'!$B$5:$B$1004,MATCH(B67,'04_Pinjaman'!$A$5:$A$1004,0)))) -> Alfian Noor | D67: =IF(B67="","",IF(COUNTIF('04_Pinjaman'!$A$5:$A$1004,B67)=0,"NPP TIDAK DITEMUKAN",INDEX('04_Pinjaman'!$C$5:$C$1004,MATCH(B67,'04_Pinjaman'!$A$5:$A$1004,0)))) -> KKSUK-000016 | E67: 46136 | F67: 4408333
A68: =IF(B68="","",ROW()-4) -> 64 | B68: 13 | C68: =IF(B68="","",IF(COUNTIF('04_Pinjaman'!$A$5:$A$1004,B68)=0,"NO PINJAMAN TIDAK DITEMUKAN",INDEX('04_Pinjaman'!$B$5:$B$1004,MATCH(B68,'04_Pinjaman'!$A$5:$A$1004,0)))) -> Alfian Noor | D68: =IF(B68="","",IF(COUNTIF('04_Pinjaman'!$A$5:$A$1004,B68)=0,"NPP TIDAK DITEMUKAN",INDEX('04_Pinjaman'!$C$5:$C$1004,MATCH(B68,'04_Pinjaman'!$A$5:$A$1004,0)))) -> KKSUK-000016 | E68: 46167 | F68: 4408333
A69: =IF(B69="","",ROW()-4) -> 65 | B69: 13 | C69: =IF(B69="","",IF(COUNTIF('04_Pinjaman'!$A$5:$A$1004,B69)=0,"NO PINJAMAN TIDAK DITEMUKAN",INDEX('04_Pinjaman'!$B$5:$B$1004,MATCH(B69,'04_Pinjaman'!$A$5:$A$1004,0)))) -> Alfian Noor | D69: =IF(B69="","",IF(COUNTIF('04_Pinjaman'!$A$5:$A$1004,B69)=0,"NPP TIDAK DITEMUKAN",INDEX('04_Pinjaman'!$C$5:$C$1004,MATCH(B69,'04_Pinjaman'!$A$5:$A$1004,0)))) -> KKSUK-000016 | E69: 46198 | F69: 4408333
... A127: =IF(B127="","",ROW()-4) -> 123 | B127: 18 | C127: =IF(B127="","",IF(COUNTIF('04_Pinjaman'!$A$5:$A$1004,B127)=0,"NO PINJAMAN TIDAK DITEMUKAN",INDEX('04_Pinjaman'!$B$5:$B$1004,MATCH(B127,'04_Pinjaman'!$A$5:$A$1004,0)))) -> Anton Efendi | D127: =IF(B127="","",IF(COUNTIF('04_Pinjaman'!$A$5:$A$1004,B127)=0,"NPP TIDAK DITEMUKAN",INDEX('04_Pinjaman'!$C$5:$C$1004,MATCH(B127,'04_Pinjaman'!$A$5:$A$1004,0)))) -> KKSUK-000107 | E127: 46167 | F127: 723333
A128: =IF(B128="","",ROW()-4) -> 124 | B128: 18 | C128: =IF(B128="","",IF(COUNTIF('04_Pinjaman'!$A$5:$A$1004,B128)=0,"NO PINJAMAN TIDAK DITEMUKAN",INDEX('04_Pinjaman'!$B$5:$B$1004,MATCH(B128,'04_Pinjaman'!$A$5:$A$1004,0)))) -> Anton Efendi | D128: =IF(B128="","",IF(COUNTIF('04_Pinjaman'!$A$5:$A$1004,B128)=0,"NPP TIDAK DITEMUKAN",INDEX('04_Pinjaman'!$C$5:$C$1004,MATCH(B128,'04_Pinjaman'!$A$5:$A$1004,0)))) -> KKSUK-000107 | E128: 46199 | F128: 10850003 | G128: Pelunasan Karena Topup
A129: =IF(B129="","",ROW()-4) -> 125 | B129: 19 | C129: =IF(B129="","",IF(COUNTIF('04_Pinjaman'!$A$5:$A$1004,B129)=0,"NO PINJAMAN TIDAK DITEMUKAN",INDEX('04_Pinjaman'!$B$5:$B$1004,MATCH(B129,'04_Pinjaman'!$A$5:$A$1004,0)))) -> Anton Efendi | D129: =IF(B129="","",IF(COUNTIF('04_Pinjaman'!$A$5:$A$1004,B129)=0,"NPP TIDAK DITEMUKAN",INDEX('04_Pinjaman'!$C$5:$C$1004,MATCH(B129,'04_Pinjaman'!$A$5:$A$1004,0)))) -> KKSUK-000107 | E129: 46258 | F129: 1033333
A130: =IF(B130="","",ROW()-4) -> 126 | B130: 20 | C130: =IF(B130="","",IF(COUNTIF('04_Pinjaman'!$A$5:$A$1004,B130)=0,"NO PINJAMAN TIDAK DITEMUKAN",INDEX('04_Pinjaman'!$B$5:$B$1004,MATCH(B130,'04_Pinjaman'!$A$5:$A$1004,0)))) -> Ari Wibowo - 00533 | D130: =IF(B130="","",IF(COUNTIF('04_Pinjaman'!$A$5:$A$1004,B130)=0,"NPP TIDAK DITEMUKAN",INDEX('04_Pinjaman'!$C$5:$C$1004,MATCH(B130,'04_Pinjaman'!$A$5:$A$1004,0)))) -> KKSUK-000068 | E130: 45894 | F130: 3275000
A131: =IF(B131="","",ROW()-4) -> 127 | B131: 20 | C131: =IF(B131="","",IF(COUNTIF('04_Pinjaman'!$A$5:$A$1004,B131)=0,"NO PINJAMAN TIDAK DITEMUKAN",INDEX('04_Pinjaman'!$B$5:$B$1004,MATCH(B131,'04_Pinjaman'!$A$5:$A$1004,0)))) -> Ari Wibowo - 00533 | D131: =IF(B131="","",IF(COUNTIF('04_Pinjaman'!$A$5:$A$1004,B131)=0,"NPP TIDAK DITEMUKAN",INDEX('04_Pinjaman'!$C$5:$C$1004,MATCH(B131,'04_Pinjaman'!$A$5:$A$1004,0)))) -> KKSUK-000068 | E131: 45925 | F131: 3275000
A132: =IF(B132="","",ROW()-4) -> 128 | B132: 20 | C132: =IF(B132="","",IF(COUNTIF('04_Pinjaman'!$A$5:$A$1004,B132)=0,"NO PINJAMAN TIDAK DITEMUKAN",INDEX('04_Pinjaman'!$B$5:$B$1004,MATCH(B132,'04_Pinjaman'!$A$5:$A$1004,0)))) -> Ari Wibowo - 00533 | D132: =IF(B132="","",IF(COUNTIF('04_Pinjaman'!$A$5:$A$1004,B132)=0,"NPP TIDAK DITEMUKAN",INDEX('04_Pinjaman'!$C$5:$C$1004,MATCH(B132,'04_Pinjaman'!$A$5:$A$1004,0)))) -> KKSUK-000068 | E132: 45954 | F132: 3275000
A133: =IF(B133="","",ROW()-4) -> 129 | B133: 20 | C133: =IF(B133="","",IF(COUNTIF('04_Pinjaman'!$A$5:$A$1004,B133)=0,"NO PINJAMAN TIDAK DITEMUKAN",INDEX('04_Pinjaman'!$B$5:$B$1004,MATCH(B133,'04_Pinjaman'!$A$5:$A$1004,0)))) -> Ari Wibowo - 00533 | D133: =IF(B133="","",IF(COUNTIF('04_Pinjaman'!$A$5:$A$1004,B133)=0,"NPP TIDAK DITEMUKAN",INDEX('04_Pinjaman'!$C$5:$C$1004,MATCH(B133,'04_Pinjaman'!$A$5:$A$1004,0)))) -> KKSUK-000068 | E133: 45986 | F133: 3275000
A134: =IF(B134="","",ROW()-4) -> 130 | B134: 20 | C134: =IF(B134="","",IF(COUNTIF('04_Pinjaman'!$A$5:$A$1004,B134)=0,"NO PINJAMAN TIDAK DITEMUKAN",INDEX('04_Pinjaman'!$B$5:$B$1004,MATCH(B134,'04_Pinjaman'!$A$5:$A$1004,0)))) -> Ari Wibowo - 00533 | D134: =IF(B134="","",IF(COUNTIF('04_Pinjaman'!$A$5:$A$1004,B134)=0,"NPP TIDAK DITEMUKAN",INDEX('04_Pinjaman'!$C$5:$C$1004,MATCH(B134,'04_Pinjaman'!$A$5:$A$1004,0)))) -> KKSUK-000068 | E134: 46010 | F134: 3275000
A135: =IF(B135="","",ROW()-4) -> 131 | B135: 20 | C135: =IF(B135="","",IF(COUNTIF('04_Pinjaman'!$A$5:$A$1004,B135)=0,"NO PINJAMAN TIDAK DITEMUKAN",INDEX('04_Pinjaman'!$B$5:$B$1004,MATCH(B135,'04_Pinjaman'!$A$5:$A$1004,0)))) -> Ari Wibowo - 00533 | D135: =IF(B135="","",IF(COUNTIF('04_Pinjaman'!$A$5:$A$1004,B135)=0,"NPP TIDAK DITEMUKAN",INDEX('04_Pinjaman'!$C$5:$C$1004,MATCH(B135,'04_Pinjaman'!$A$5:$A$1004,0)))) -> KKSUK-000068 | E135: 46045 | F135: 3275000
A136: =IF(B136="","",ROW()-4) -> 132 | B136: 20 | C136: =IF(B136="","",IF(COUNTIF('04_Pinjaman'!$A$5:$A$1004,B136)=0,"NO PINJAMAN TIDAK DITEMUKAN",INDEX('04_Pinjaman'!$B$5:$B$1004,MATCH(B136,'04_Pinjaman'!$A$5:$A$1004,0)))) -> Ari Wibowo - 00533 | D136: =IF(B136="","",IF(COUNTIF('04_Pinjaman'!$A$5:$A$1004,B136)=0,"NPP TIDAK DITEMUKAN",INDEX('04_Pinjaman'!$C$5:$C$1004,MATCH(B136,'04_Pinjaman'!$A$5:$A$1004,0)))) -> KKSUK-000068 | E136: 46078 | F136: 3275000
A137: =IF(B137="","",ROW()-4) -> 133 | B137: 20 | C137: =IF(B137="","",IF(COUNTIF('04_Pinjaman'!$A$5:$A$1004,B137)=0,"NO PINJAMAN TIDAK DITEMUKAN",INDEX('04_Pinjaman'!$B$5:$B$1004,MATCH(B137,'04_Pinjaman'!$A$5:$A$1004,0)))) -> Ari Wibowo - 00533 | D137: =IF(B137="","",IF(COUNTIF('04_Pinjaman'!$A$5:$A$1004,B137)=0,"NPP TIDAK DITEMUKAN",INDEX('04_Pinjaman'!$C$5:$C$1004,MATCH(B137,'04_Pinjaman'!$A$5:$A$1004,0)))) -> KKSUK-000068 | E137: 46106 | F137: 3275000
A138: =IF(B138="","",ROW()-4) -> 134 | B138: 20 | C138: =IF(B138="","",IF(COUNTIF('04_Pinjaman'!$A$5:$A$1004,B138)=0,"NO PINJAMAN TIDAK DITEMUKAN",INDEX('04_Pinjaman'!$B$5:$B$1004,MATCH(B138,'04_Pinjaman'!$A$5:$A$1004,0)))) -> Ari Wibowo - 00533 | D138: =IF(B138="","",IF(COUNTIF('04_Pinjaman'!$A$5:$A$1004,B138)=0,"NPP TIDAK DITEMUKAN",INDEX('04_Pinjaman'!$C$5:$C$1004,MATCH(B138,'04_Pinjaman'!$A$5:$A$1004,0)))) -> KKSUK-000068 | E138: 46136 | F138: 3275000
A139: =IF(B139="","",ROW()-4) -> 135 | B139: 20 | C139: =IF(B139="","",IF(COUNTIF('04_Pinjaman'!$A$5:$A$1004,B139)=0,"NO PINJAMAN TIDAK DITEMUKAN",INDEX('04_Pinjaman'!$B$5:$B$1004,MATCH(B139,'04_Pinjaman'!$A$5:$A$1004,0)))) -> Ari Wibowo - 00533 | D139: =IF(B139="","",IF(COUNTIF('04_Pinjaman'!$A$5:$A$1004,B139)=0,"NPP TIDAK DITEMUKAN",INDEX('04_Pinjaman'!$C$5:$C$1004,MATCH(B139,'04_Pinjaman'!$A$5:$A$1004,0)))) -> KKSUK-000068 | E139: 46167 | F139: 3275000
A140: =IF(B140="","",ROW()-4) -> 136 | B140: 20 | C140: =IF(B140="","",IF(COUNTIF('04_Pinjaman'!$A$5:$A$1004,B140)=0,"NO PINJAMAN TIDAK DITEMUKAN",INDEX('04_Pinjaman'!$B$5:$B$1004,MATCH(B140,'04_Pinjaman'!$A$5:$A$1004,0)))) -> Ari Wibowo - 00533 | D140: =IF(B140="","",IF(COUNTIF('04_Pinjaman'!$A$5:$A$1004,B140)=0,"NPP TIDAK DITEMUKAN",INDEX('04_Pinjaman'!$C$5:$C$1004,MATCH(B140,'04_Pinjaman'!$A$5:$A$1004,0)))) -> KKSUK-000068 | E140: 46198 | F140: 3275000
A141: =IF(B141="","",ROW()-4) -> 137 | B141: 20 | C141: =IF(B141="","",IF(COUNTIF('04_Pinjaman'!$A$5:$A$1004,B141)=0,"NO PINJAMAN TIDAK DITEMUKAN",INDEX('04_Pinjaman'!$B$5:$B$1004,MATCH(B141,'04_Pinjaman'!$A$5:$A$1004,0)))) -> Ari Wibowo - 00533 | D141: =IF(B141="","",IF(COUNTIF('04_Pinjaman'!$A$5:$A$1004,B141)=0,"NPP TIDAK DITEMUKAN",INDEX('04_Pinjaman'!$C$5:$C$1004,MATCH(B141,'04_Pinjaman'!$A$5:$A$1004,0)))) -> KKSUK-000068 | E141: 46209 | F141: 42575000
A142: =IF(B142="","",ROW()-4) -> 138 | B142: 21 | C142: =IF(B142="","",IF(COUNTIF('04_Pinjaman'!$A$5:$A$1004,B142)=0,"NO PINJAMAN TIDAK DITEMUKAN",INDEX('04_Pinjaman'!$B$5:$B$1004,MATCH(B142,'04_Pinjaman'!$A$5:$A$1004,0)))) -> Ari Wibowo - 00533 | D142: =IF(B142="","",IF(COUNTIF('04_Pinjaman'!$A$5:$A$1004,B142)=0,"NPP TIDAK DITEMUKAN",INDEX('04_Pinjaman'!$C$5:$C$1004,MATCH(B142,'04_Pinjaman'!$A$5:$A$1004,0)))) -> KKSUK-000068 | E142: 46258 | F142: 3275000 | G142: Kurang bayar masih dipotong cicilan yg lama
A143: =IF(B143="","",ROW()-4) -> 139 | B143: 22 | C143: =IF(B143="","",IF(COUNTIF('04_Pinjaman'!$A$5:$A$1004,B143)=0,"NO PINJAMAN TIDAK DITEMUKAN",INDEX('04_Pinjaman'!$B$5:$B$1004,MATCH(B143,'04_Pinjaman'!$A$5:$A$1004,0)))) -> Ari Wibowo - 00579 | D143: =IF(B143="","",IF(COUNTIF('04_Pinjaman'!$A$5:$A$1004,B143)=0,"NPP TIDAK DITEMUKAN",INDEX('04_Pinjaman'!$C$5:$C$1004,MATCH(B143,'04_Pinjaman'!$A$5:$A$1004,0)))) -> KKSUK-000122 | E143: 45863 | F143: 767000
A144: =IF(B144="","",ROW()-4) -> 140 | B144: 22 | C144: =IF(B144="","",IF(COUNTIF('04_Pinjaman'!$A$5:$A$1004,B144)=0,"NO PINJAMAN TIDAK DITEMUKAN",INDEX('04_Pinjaman'!$B$5:$B$1004,MATCH(B144,'04_Pinjaman'!$A$5:$A$1004,0)))) -> Ari Wibowo - 00579 | D144: =IF(B144="","",IF(COUNTIF('04_Pinjaman'!$A$5:$A$1004,B144)=0,"NPP TIDAK DITEMUKAN",INDEX('04_Pinjaman'!$C$5:$C$1004,MATCH(B144,'04_Pinjaman'!$A$5:$A$1004,0)))) -> KKSUK-000122 | E144: 45894 | F144: 767000
A145: =IF(B145="","",ROW()-4) -> 141 | B145: 22 | C145: =IF(B145="","",IF(COUNTIF('04_Pinjaman'!$A$5:$A$1004,B145)=0,"NO PINJAMAN TIDAK DITEMUKAN",INDEX('04_Pinjaman'!$B$5:$B$1004,MATCH(B145,'04_Pinjaman'!$A$5:$A$1004,0)))) -> Ari Wibowo - 00579 | D145: =IF(B145="","",IF(COUNTIF('04_Pinjaman'!$A$5:$A$1004,B145)=0,"NPP TIDAK DITEMUKAN",INDEX('04_Pinjaman'!$C$5:$C$1004,MATCH(B145,'04_Pinjaman'!$A$5:$A$1004,0)))) -> KKSUK-000122 | E145: 45925 | F145: 767000
A146: =IF(B146="","",ROW()-4) -> 142 | B146: 22 | C146: =IF(B146="","",IF(COUNTIF('04_Pinjaman'!$A$5:$A$1004,B146)=0,"NO PINJAMAN TIDAK DITEMUKAN",INDEX('04_Pinjaman'!$B$5:$B$1004,MATCH(B146,'04_Pinjaman'!$A$5:$A$1004,0)))) -> Ari Wibowo - 00579 | D146: =IF(B146="","",IF(COUNTIF('04_Pinjaman'!$A$5:$A$1004,B146)=0,"NPP TIDAK DITEMUKAN",INDEX('04_Pinjaman'!$C$5:$C$1004,MATCH(B146,'04_Pinjaman'!$A$5:$A$1004,0)))) -> KKSUK-000122 | E146: 45954 | F146: 767000
A147: =IF(B147="","",ROW()-4) -> 143 | B147: 22 | C147: =IF(B147="","",IF(COUNTIF('04_Pinjaman'!$A$5:$A$1004,B147)=0,"NO PINJAMAN TIDAK DITEMUKAN",INDEX('04_Pinjaman'!$B$5:$B$1004,MATCH(B147,'04_Pinjaman'!$A$5:$A$1004,0)))) -> Ari Wibowo - 00579 | D147: =IF(B147="","",IF(COUNTIF('04_Pinjaman'!$A$5:$A$1004,B147)=0,"NPP TIDAK DITEMUKAN",INDEX('04_Pinjaman'!$C$5:$C$1004,MATCH(B147,'04_Pinjaman'!$A$5:$A$1004,0)))) -> KKSUK-000122 | E147: 45986 | F147: 767000
A148: =IF(B148="","",ROW()-4) -> 144 | B148: 22 | C148: =IF(B148="","",IF(COUNTIF('04_Pinjaman'!$A$5:$A$1004,B148)=0,"NO PINJAMAN TIDAK DITEMUKAN",INDEX('04_Pinjaman'!$B$5:$B$1004,MATCH(B148,'04_Pinjaman'!$A$5:$A$1004,0)))) -> Ari Wibowo - 00579 | D148: =IF(B148="","",IF(COUNTIF('04_Pinjaman'!$A$5:$A$1004,B148)=0,"NPP TIDAK DITEMUKAN",INDEX('04_Pinjaman'!$C$5:$C$1004,MATCH(B148,'04_Pinjaman'!$A$5:$A$1004,0)))) -> KKSUK-000122 | E148: 46010 | F148: 767000
A149: =IF(B149="","",ROW()-4) -> 145 | B149: 22 | C149: =IF(B149="","",IF(COUNTIF('04_Pinjaman'!$A$5:$A$1004,B149)=0,"NO PINJAMAN TIDAK DITEMUKAN",INDEX('04_Pinjaman'!$B$5:$B$1004,MATCH(B149,'04_Pinjaman'!$A$5:$A$1004,0)))) -> Ari Wibowo - 00579 | D149: =IF(B149="","",IF(COUNTIF('04_Pinjaman'!$A$5:$A$1004,B149)=0,"NPP TIDAK DITEMUKAN",INDEX('04_Pinjaman'!$C$5:$C$1004,MATCH(B149,'04_Pinjaman'!$A$5:$A$1004,0)))) -> KKSUK-000122 | E149: 46010 | F149: -767000 | G149: Pengembalian dana karena ybs melakukan penangguhan
A150: =IF(B150="","",ROW()-4) -> 146 | B150: 22 | C150: =IF(B150="","",IF(COUNTIF('04_Pinjaman'!$A$5:$A$1004,B150)=0,"NO PINJAMAN TIDAK DITEMUKAN",INDEX('04_Pinjaman'!$B$5:$B$1004,MATCH(B150,'04_Pinjaman'!$A$5:$A$1004,0)))) -> Ari Wibowo - 00579 | D150: =IF(B150="","",IF(COUNTIF('04_Pinjaman'!$A$5:$A$1004,B150)=0,"NPP TIDAK DITEMUKAN",INDEX('04_Pinjaman'!$C$5:$C$1004,MATCH(B150,'04_Pinjaman'!$A$5:$A$1004,0)))) -> KKSUK-000122 | E150: 46045 | F150: 767000
A151: =IF(B151="","",ROW()-4) -> 147 | B151: 22 | C151: =IF(B151="","",IF(COUNTIF('04_Pinjaman'!$A$5:$A$1004,B151)=0,"NO PINJAMAN TIDAK DITEMUKAN",INDEX('04_Pinjaman'!$B$5:$B$1004,MATCH(B151,'04_Pinjaman'!$A$5:$A$1004,0)))) -> Ari Wibowo - 00579 | D151: =IF(B151="","",IF(COUNTIF('04_Pinjaman'!$A$5:$A$1004,B151)=0,"NPP TIDAK DITEMUKAN",INDEX('04_Pinjaman'!$C$5:$C$1004,MATCH(B151,'04_Pinjaman'!$A$5:$A$1004,0)))) -> KKSUK-000122 | E151: 46078 | F151: 767000
A152: =IF(B152="","",ROW()-4) -> 148 | B152: 22 | C152: =IF(B152="","",IF(COUNTIF('04_Pinjaman'!$A$5:$A$1004,B152)=0,"NO PINJAMAN TIDAK DITEMUKAN",INDEX('04_Pinjaman'!$B$5:$B$1004,MATCH(B152,'04_Pinjaman'!$A$5:$A$1004,0)))) -> Ari Wibowo - 00579 | D152: =IF(B152="","",IF(COUNTIF('04_Pinjaman'!$A$5:$A$1004,B152)=0,"NPP TIDAK DITEMUKAN",INDEX('04_Pinjaman'!$C$5:$C$1004,MATCH(B152,'04_Pinjaman'!$A$5:$A$1004,0)))) -> KKSUK-000122 | E152: 46106 | F152: 767000
A153: =IF(B153="","",ROW()-4) -> 149 | B153: 22 | C153: =IF(B153="","",IF(COUNTIF('04_Pinjaman'!$A$5:$A$1004,B153)=0,"NO PINJAMAN TIDAK DITEMUKAN",INDEX('04_Pinjaman'!$B$5:$B$1004,MATCH(B153,'04_Pinjaman'!$A$5:$A$1004,0)))) -> Ari Wibowo - 00579 | D153: =IF(B153="","",IF(COUNTIF('04_Pinjaman'!$A$5:$A$1004,B153)=0,"NPP TIDAK DITEMUKAN",INDEX('04_Pinjaman'!$C$5:$C$1004,MATCH(B153,'04_Pinjaman'!$A$5:$A$1004,0)))) -> KKSUK-000122 | E153: 46136 | F153: 767000
A154: =IF(B154="","",ROW()-4) -> 150 | B154: 22 | C154: =IF(B154="","",IF(COUNTIF('04_Pinjaman'!$A$5:$A$1004,B154)=0,"NO PINJAMAN TIDAK DITEMUKAN",INDEX('04_Pinjaman'!$B$5:$B$1004,MATCH(B154,'04_Pinjaman'!$A$5:$A$1004,0)))) -> Ari Wibowo - 00579 | D154: =IF(B154="","",IF(COUNTIF('04_Pinjaman'!$A$5:$A$1004,B154)=0,"NPP TIDAK DITEMUKAN",INDEX('04_Pinjaman'!$C$5:$C$1004,MATCH(B154,'04_Pinjaman'!$A$5:$A$1004,0)))) -> KKSUK-000122 | E154: 46167 | F154: 767000
A155: =IF(B155="","",ROW()-4) -> 151 | B155: 22 | C155: =IF(B155="","",IF(COUNTIF('04_Pinjaman'!$A$5:$A$1004,B155)=0,"NO PINJAMAN TIDAK DITEMUKAN",INDEX('04_Pinjaman'!$B$5:$B$1004,MATCH(B155,'04_Pinjaman'!$A$5:$A$1004,0)))) -> Ari Wibowo - 00579 | D155: =IF(B155="","",IF(COUNTIF('04_Pinjaman'!$A$5:$A$1004,B155)=0,"NPP TIDAK DITEMUKAN",INDEX('04_Pinjaman'!$C$5:$C$1004,MATCH(B155,'04_Pinjaman'!$A$5:$A$1004,0)))) -> KKSUK-000122 | E155: 46198 | F155: 767000
A156: =IF(B156="","",ROW()-4) -> 152 | B156: 22 | C156: =IF(B156="","",IF(COUNTIF('04_Pinjaman'!$A$5:$A$1004,B156)=0,"NO PINJAMAN TIDAK DITEMUKAN",INDEX('04_Pinjaman'!$B$5:$B$1004,MATCH(B156,'04_Pinjaman'!$A$5:$A$1004,0)))) -> Ari Wibowo - 00579 | D156: =IF(B156="","",IF(COUNTIF('04_Pinjaman'!$A$5:$A$1004,B156)=0,"NPP TIDAK DITEMUKAN",INDEX('04_Pinjaman'!$C$5:$C$1004,MATCH(B156,'04_Pinjaman'!$A$5:$A$1004,0)))) -> KKSUK-000122 | E156: 46227 | F156: 767000
A157: =IF(B157="","",ROW()-4) -> 153 | B157: 22 | C157: =IF(B157="","",IF(COUNTIF('04_Pinjaman'!$A$5:$A$1004,B157)=0,"NO PINJAMAN TIDAK DITEMUKAN",INDEX('04_Pinjaman'!$B$5:$B$1004,MATCH(B157,'04_Pinjaman'!$A$5:$A$1004,0)))) -> Ari Wibowo - 00579 | D157: =IF(B157="","",IF(COUNTIF('04_Pinjaman'!$A$5:$A$1004,B157)=0,"NPP TIDAK DITEMUKAN",INDEX('04_Pinjaman'!$C$5:$C$1004,MATCH(B157,'04_Pinjaman'!$A$5:$A$1004,0)))) -> KKSUK-000122 | E157: 46258 | F157: 767000
A158: =IF(B158="","",ROW()-4) -> 154 | B158: 23 | C158: =IF(B158="","",IF(COUNTIF('04_Pinjaman'!$A$5:$A$1004,B158)=0,"NO PINJAMAN TIDAK DITEMUKAN",INDEX('04_Pinjaman'!$B$5:$B$1004,MATCH(B158,'04_Pinjaman'!$A$5:$A$1004,0)))) -> Arief Indrawan | D158: =IF(B158="","",IF(COUNTIF('04_Pinjaman'!$A$5:$A$1004,B158)=0,"NPP TIDAK DITEMUKAN",INDEX('04_Pinjaman'!$C$5:$C$1004,MATCH(B158,'04_Pinjaman'!$A$5:$A$1004,0)))) -> KKSUK-000059 | E158: 45954 | F158: 1603333
A159: =IF(B159="","",ROW()-4) -> 155 | B159: 23 | C159: =IF(B159="","",IF(COUNTIF('04_Pinjaman'!$A$5:$A$1004,B159)=0,"NO PINJAMAN TIDAK DITEMUKAN",INDEX('04_Pinjaman'!$B$5:$B$1004,MATCH(B159,'04_Pinjaman'!$A$5:$A$1004,0)))) -> Arief Indrawan | D159: =IF(B159="","",IF(COUNTIF('04_Pinjaman'!$A$5:$A$1004,B159)=0,"NPP TIDAK DITEMUKAN",INDEX('04_Pinjaman'!$C$5:$C$1004,MATCH(B159,'04_Pinjaman'!$A$5:$A$1004,0)))) -> KKSUK-000059 | E159: 45955 | F159: -1603333 | G159: Dana dikembalikan belum waktunya potong
A160: =IF(B160="","",ROW()-4) -> 156 | B160: 23 | C160: =IF(B160="","",IF(COUNTIF('04_Pinjaman'!$A$5:$A$1004,B160)=0,"NO PINJAMAN TIDAK DITEMUKAN",INDEX('04_Pinjaman'!$B$5:$B$1004,MATCH(B160,'04_Pinjaman'!$A$5:$A$1004,0)))) -> Arief Indrawan | D160: =IF(B160="","",IF(COUNTIF('04_Pinjaman'!$A$5:$A$1004,B160)=0,"NPP TIDAK DITEMUKAN",INDEX('04_Pinjaman'!$C$5:$C$1004,MATCH(B160,'04_Pinjaman'!$A$5:$A$1004,0)))) -> KKSUK-000059 | E160: 45986 | F160: 0
A161: =IF(B161="","",ROW()-4) -> 157 | B161: 23 | C161: =IF(B161="","",IF(COUNTIF('04_Pinjaman'!$A$5:$A$1004,B161)=0,"NO PINJAMAN TIDAK DITEMUKAN",INDEX('04_Pinjaman'!$B$5:$B$1004,MATCH(B161,'04_Pinjaman'!$A$5:$A$1004,0)))) -> Arief Indrawan | D161: =IF(B161="","",IF(COUNTIF('04_Pinjaman'!$A$5:$A$1004,B161)=0,"NPP TIDAK DITEMUKAN",INDEX('04_Pinjaman'!$C$5:$C$1004,MATCH(B161,'04_Pinjaman'!$A$5:$A$1004,0)))) -> KKSUK-000059 | E161: 46010 | F161: 1603333
A162: =IF(B162="","",ROW()-4) -> 158 | B162: 23 | C162: =IF(B162="","",IF(COUNTIF('04_Pinjaman'!$A$5:$A$1004,B162)=0,"NO PINJAMAN TIDAK DITEMUKAN",INDEX('04_Pinjaman'!$B$5:$B$1004,MATCH(B162,'04_Pinjaman'!$A$5:$A$1004,0)))) -> Arief Indrawan | D162: =IF(B162="","",IF(COUNTIF('04_Pinjaman'!$A$5:$A$1004,B162)=0,"NPP TIDAK DITEMUKAN",INDEX('04_Pinjaman'!$C$5:$C$1004,MATCH(B162,'04_Pinjaman'!$A$5:$A$1004,0)))) -> KKSUK-000059 | E162: 46045 | F162: 1603333
A163: =IF(B163="","",ROW()-4) -> 159 | B163: 23 | C163: =IF(B163="","",IF(COUNTIF('04_Pinjaman'!$A$5:$A$1004,B163)=0,"NO PINJAMAN TIDAK DITEMUKAN",INDEX('04_Pinjaman'!$B$5:$B$1004,MATCH(B163,'04_Pinjaman'!$A$5:$A$1004,0)))) -> Arief Indrawan | D163: =IF(B163="","",IF(COUNTIF('04_Pinjaman'!$A$5:$A$1004,B163)=0,"NPP TIDAK DITEMUKAN",INDEX('04_Pinjaman'!$C$5:$C$1004,MATCH(B163,'04_Pinjaman'!$A$5:$A$1004,0)))) -> KKSUK-000059 | E163: 46078 | F163: 1603333
A164: =IF(B164="","",ROW()-4) -> 160 | B164: 23 | C164: =IF(B164="","",IF(COUNTIF('04_Pinjaman'!$A$5:$A$1004,B164)=0,"NO PINJAMAN TIDAK DITEMUKAN",INDEX('04_Pinjaman'!$B$5:$B$1004,MATCH(B164,'04_Pinjaman'!$A$5:$A$1004,0)))) -> Arief Indrawan | D164: =IF(B164="","",IF(COUNTIF('04_Pinjaman'!$A$5:$A$1004,B164)=0,"NPP TIDAK DITEMUKAN",INDEX('04_Pinjaman'!$C$5:$C$1004,MATCH(B164,'04_Pinjaman'!$A$5:$A$1004,0)))) -> KKSUK-000059 | E164: 46106 | F164: 1603333
A165: =IF(B165="","",ROW()-4) -> 161 | B165: 23 | C165: =IF(B165="","",IF(COUNTIF('04_Pinjaman'!$A$5:$A$1004,B165)=0,"NO PINJAMAN TIDAK DITEMUKAN",INDEX('04_Pinjaman'!$B$5:$B$1004,MATCH(B165,'04_Pinjaman'!$A$5:$A$1004,0)))) -> Arief Indrawan | D165: =IF(B165="","",IF(COUNTIF('04_Pinjaman'!$A$5:$A$1004,B165)=0,"NPP TIDAK DITEMUKAN",INDEX('04_Pinjaman'!$C$5:$C$1004,MATCH(B165,'04_Pinjaman'!$A$5:$A$1004,0)))) -> KKSUK-000059 | E165: 46136 | F165: 1603333
A166: =IF(B166="","",ROW()-4) -> 162 | B166: 23 | C166: =IF(B166="","",IF(COUNTIF('04_Pinjaman'!$A$5:$A$1004,B166)=0,"NO PINJAMAN TIDAK DITEMUKAN",INDEX('04_Pinjaman'!$B$5:$B$1004,MATCH(B166,'04_Pinjaman'!$A$5:$A$1004,0)))) -> Arief Indrawan | D166: =IF(B166="","",IF(COUNTIF('04_Pinjaman'!$A$5:$A$1004,B166)=0,"NPP TIDAK DITEMUKAN",INDEX('04_Pinjaman'!$C$5:$C$1004,MATCH(B166,'04_Pinjaman'!$A$5:$A$1004,0)))) -> KKSUK-000059 | E166: 46167 | F166: 1603333
A167: =IF(B167="","",ROW()-4) -> 163 | B167: 23 | C167: =IF(B167="","",IF(COUNTIF('04_Pinjaman'!$A$5:$A$1004,B167)=0,"NO PINJAMAN TIDAK DITEMUKAN",INDEX('04_Pinjaman'!$B$5:$B$1004,MATCH(B167,'04_Pinjaman'!$A$5:$A$1004,0)))) -> Arief Indrawan | D167: =IF(B167="","",IF(COUNTIF('04_Pinjaman'!$A$5:$A$1004,B167)=0,"NPP TIDAK DITEMUKAN",INDEX('04_Pinjaman'!$C$5:$C$1004,MATCH(B167,'04_Pinjaman'!$A$5:$A$1004,0)))) -> KKSUK-000059 | E167: 46198 | F167: 1603333
A168: =IF(B168="","",ROW()-4) -> 164 | B168: 23 | C168: =IF(B168="","",IF(COUNTIF('04_Pinjaman'!$A$5:$A$1004,B168)=0,"NO PINJAMAN TIDAK DITEMUKAN",INDEX('04_Pinjaman'!$B$5:$B$1004,MATCH(B168,'04_Pinjaman'!$A$5:$A$1004,0)))) -> Arief Indrawan | D168: =IF(B168="","",IF(COUNTIF('04_Pinjaman'!$A$5:$A$1004,B168)=0,"NPP TIDAK DITEMUKAN",INDEX('04_Pinjaman'!$C$5:$C$1004,MATCH(B168,'04_Pinjaman'!$A$5:$A$1004,0)))) -> KKSUK-000059 | E168: 46227 | F168: 1603333
A169: =IF(B169="","",ROW()-4) -> 165 | B169: 23 | C169: =IF(B169="","",IF(COUNTIF('04_Pinjaman'!$A$5:$A$1004,B169)=0,"NO PINJAMAN TIDAK DITEMUKAN",INDEX('04_Pinjaman'!$B$5:$B$1004,MATCH(B169,'04_Pinjaman'!$A$5:$A$1004,0)))) -> Arief Indrawan | D169: =IF(B169="","",IF(COUNTIF('04_Pinjaman'!$A$5:$A$1004,B169)=0,"NPP TIDAK DITEMUKAN",INDEX('04_Pinjaman'!$C$5:$C$1004,MATCH(B169,'04_Pinjaman'!$A$5:$A$1004,0)))) -> KKSUK-000059 | E169: 46258 | F169: 1603333
A170: =IF(B170="","",ROW()-4) -> 166 | B170: 24 | C170: =IF(B170="","",IF(COUNTIF('04_Pinjaman'!$A$5:$A$1004,B170)=0,"NO PINJAMAN TIDAK DITEMUKAN",INDEX('04_Pinjaman'!$B$5:$B$1004,MATCH(B170,'04_Pinjaman'!$A$5:$A$1004,0)))) -> Asta | D170: =IF(B170="","",IF(COUNTIF('04_Pinjaman'!$A$5:$A$1004,B170)=0,"NPP TIDAK DITEMUKAN",INDEX('04_Pinjaman'!$C$5:$C$1004,MATCH(B170,'04_Pinjaman'!$A$5:$A$1004,0)))) -> KKSUK-000168 | E170: 45621 | F170: 1195000
A171: =IF(B171="","",ROW()-4) -> 167 | B171: 24 | C171: =IF(B171="","",IF(COUNTIF('04_Pinjaman'!$A$5:$A$1004,B171)=0,"NO PINJAMAN TIDAK DITEMUKAN",INDEX('04_Pinjaman'!$B$5:$B$1004,MATCH(B171,'04_Pinjaman'!$A$5:$A$1004,0)))) -> Asta | D171: =IF(B171="","",IF(COUNTIF('04_Pinjaman'!$A$5:$A$1004,B171)=0,"NPP TIDAK DITEMUKAN",INDEX('04_Pinjaman'!$C$5:$C$1004,MATCH(B171,'04_Pinjaman'!$A$5:$A$1004,0)))) -> KKSUK-000168 | E171: 45646 | F171: 1195000
... A189: =IF(B189="","",ROW()-4) -> 185 | B189: 25 | C189: =IF(B189="","",IF(COUNTIF('04_Pinjaman'!$A$5:$A$1004,B189)=0,"NO PINJAMAN TIDAK DITEMUKAN",INDEX('04_Pinjaman'!$B$5:$B$1004,MATCH(B189,'04_Pinjaman'!$A$5:$A$1004,0)))) -> Asta | D189: =IF(B189="","",IF(COUNTIF('04_Pinjaman'!$A$5:$A$1004,B189)=0,"NPP TIDAK DITEMUKAN",INDEX('04_Pinjaman'!$C$5:$C$1004,MATCH(B189,'04_Pinjaman'!$A$5:$A$1004,0)))) -> KKSUK-000168 | E189: 46258 | F189: 1020000
A190: =IF(B190="","",ROW()-4) -> 186 | B190: 26 | C190: =IF(B190="","",IF(COUNTIF('04_Pinjaman'!$A$5:$A$1004,B190)=0,"NO PINJAMAN TIDAK DITEMUKAN",INDEX('04_Pinjaman'!$B$5:$B$1004,MATCH(B190,'04_Pinjaman'!$A$5:$A$1004,0)))) -> Bayu Adithya Permana | D190: =IF(B190="","",IF(COUNTIF('04_Pinjaman'!$A$5:$A$1004,B190)=0,"NPP TIDAK DITEMUKAN",INDEX('04_Pinjaman'!$C$5:$C$1004,MATCH(B190,'04_Pinjaman'!$A$5:$A$1004,0)))) -> KKSUK-000069 | E190: 46045 | F190: 93450000 | G190: Pelunasan Karena Topup
A191: =IF(B191="","",ROW()-4) -> 187 | B191: 27 | C191: =IF(B191="","",IF(COUNTIF('04_Pinjaman'!$A$5:$A$1004,B191)=0,"NO PINJAMAN TIDAK DITEMUKAN",INDEX('04_Pinjaman'!$B$5:$B$1004,MATCH(B191,'04_Pinjaman'!$A$5:$A$1004,0)))) -> Bayu Adithya Permana | D191: =IF(B191="","",IF(COUNTIF('04_Pinjaman'!$A$5:$A$1004,B191)=0,"NPP TIDAK DITEMUKAN",INDEX('04_Pinjaman'!$C$5:$C$1004,MATCH(B191,'04_Pinjaman'!$A$5:$A$1004,0)))) -> KKSUK-000069 | E191: 46078 | F191: 5920000
A192: =IF(B192="","",ROW()-4) -> 188 | B192: 27 | C192: =IF(B192="","",IF(COUNTIF('04_Pinjaman'!$A$5:$A$1004,B192)=0,"NO PINJAMAN TIDAK DITEMUKAN",INDEX('04_Pinjaman'!$B$5:$B$1004,MATCH(B192,'04_Pinjaman'!$A$5:$A$1004,0)))) -> Bayu Adithya Permana | D192: =IF(B192="","",IF(COUNTIF('04_Pinjaman'!$A$5:$A$1004,B192)=0,"NPP TIDAK DITEMUKAN",INDEX('04_Pinjaman'!$C$5:$C$1004,MATCH(B192,'04_Pinjaman'!$A$5:$A$1004,0)))) -> KKSUK-000069 | E192: 46106 | F192: 5920000
A193: =IF(B193="","",ROW()-4) -> 189 | B193: 27 | C193: =IF(B193="","",IF(COUNTIF('04_Pinjaman'!$A$5:$A$1004,B193)=0,"NO PINJAMAN TIDAK DITEMUKAN",INDEX('04_Pinjaman'!$B$5:$B$1004,MATCH(B193,'04_Pinjaman'!$A$5:$A$1004,0)))) -> Bayu Adithya Permana | D193: =IF(B193="","",IF(COUNTIF('04_Pinjaman'!$A$5:$A$1004,B193)=0,"NPP TIDAK DITEMUKAN",INDEX('04_Pinjaman'!$C$5:$C$1004,MATCH(B193,'04_Pinjaman'!$A$5:$A$1004,0)))) -> KKSUK-000069 | E193: 46136 | F193: 5920000
A194: =IF(B194="","",ROW()-4) -> 190 | B194: 27 | C194: =IF(B194="","",IF(COUNTIF('04_Pinjaman'!$A$5:$A$1004,B194)=0,"NO PINJAMAN TIDAK DITEMUKAN",INDEX('04_Pinjaman'!$B$5:$B$1004,MATCH(B194,'04_Pinjaman'!$A$5:$A$1004,0)))) -> Bayu Adithya Permana | D194: =IF(B194="","",IF(COUNTIF('04_Pinjaman'!$A$5:$A$1004,B194)=0,"NPP TIDAK DITEMUKAN",INDEX('04_Pinjaman'!$C$5:$C$1004,MATCH(B194,'04_Pinjaman'!$A$5:$A$1004,0)))) -> KKSUK-000069 | E194: 46167 | F194: 5920000
A195: =IF(B195="","",ROW()-4) -> 191 | B195: 27 | C195: =IF(B195="","",IF(COUNTIF('04_Pinjaman'!$A$5:$A$1004,B195)=0,"NO PINJAMAN TIDAK DITEMUKAN",INDEX('04_Pinjaman'!$B$5:$B$1004,MATCH(B195,'04_Pinjaman'!$A$5:$A$1004,0)))) -> Bayu Adithya Permana | D195: =IF(B195="","",IF(COUNTIF('04_Pinjaman'!$A$5:$A$1004,B195)=0,"NPP TIDAK DITEMUKAN",INDEX('04_Pinjaman'!$C$5:$C$1004,MATCH(B195,'04_Pinjaman'!$A$5:$A$1004,0)))) -> KKSUK-000069 | E195: 46198 | F195: 5920000
A196: =IF(B196="","",ROW()-4) -> 192 | B196: 27 | C196: =IF(B196="","",IF(COUNTIF('04_Pinjaman'!$A$5:$A$1004,B196)=0,"NO PINJAMAN TIDAK DITEMUKAN",INDEX('04_Pinjaman'!$B$5:$B$1004,MATCH(B196,'04_Pinjaman'!$A$5:$A$1004,0)))) -> Bayu Adithya Permana | D196: =IF(B196="","",IF(COUNTIF('04_Pinjaman'!$A$5:$A$1004,B196)=0,"NPP TIDAK DITEMUKAN",INDEX('04_Pinjaman'!$C$5:$C$1004,MATCH(B196,'04_Pinjaman'!$A$5:$A$1004,0)))) -> KKSUK-000069 | E196: 46227 | F196: 5920000
A197: =IF(B197="","",ROW()-4) -> 193 | B197: 27 | C197: =IF(B197="","",IF(COUNTIF('04_Pinjaman'!$A$5:$A$1004,B197)=0,"NO PINJAMAN TIDAK DITEMUKAN",INDEX('04_Pinjaman'!$B$5:$B$1004,MATCH(B197,'04_Pinjaman'!$A$5:$A$1004,0)))) -> Bayu Adithya Permana | D197: =IF(B197="","",IF(COUNTIF('04_Pinjaman'!$A$5:$A$1004,B197)=0,"NPP TIDAK DITEMUKAN",INDEX('04_Pinjaman'!$C$5:$C$1004,MATCH(B197,'04_Pinjaman'!$A$5:$A$1004,0)))) -> KKSUK-000069 | E197: 46258 | F197: 5920000
A198: =IF(B198="","",ROW()-4) -> 194 | B198: 28 | C198: =IF(B198="","",IF(COUNTIF('04_Pinjaman'!$A$5:$A$1004,B198)=0,"NO PINJAMAN TIDAK DITEMUKAN",INDEX('04_Pinjaman'!$B$5:$B$1004,MATCH(B198,'04_Pinjaman'!$A$5:$A$1004,0)))) -> Clarissa Dini | D198: =IF(B198="","",IF(COUNTIF('04_Pinjaman'!$A$5:$A$1004,B198)=0,"NPP TIDAK DITEMUKAN",INDEX('04_Pinjaman'!$C$5:$C$1004,MATCH(B198,'04_Pinjaman'!$A$5:$A$1004,0)))) -> KKSUK-000147 | E198: 46106 | F198: 1866667
A199: =IF(B199="","",ROW()-4) -> 195 | B199: 28 | C199: =IF(B199="","",IF(COUNTIF('04_Pinjaman'!$A$5:$A$1004,B199)=0,"NO PINJAMAN TIDAK DITEMUKAN",INDEX('04_Pinjaman'!$B$5:$B$1004,MATCH(B199,'04_Pinjaman'!$A$5:$A$1004,0)))) -> Clarissa Dini | D199: =IF(B199="","",IF(COUNTIF('04_Pinjaman'!$A$5:$A$1004,B199)=0,"NPP TIDAK DITEMUKAN",INDEX('04_Pinjaman'!$C$5:$C$1004,MATCH(B199,'04_Pinjaman'!$A$5:$A$1004,0)))) -> KKSUK-000147 | E199: 46136 | F199: 1866667
...

Sheet 08_Pemeriksaan
A1: Pemeriksaan kelengkapan
A2: Angka merah menunjukkan data yang masih perlu diisi atau diputuskan.
A4: Yang diperiksa | B4: Jumlah | C4: Artinya | D4: Yang harus dilakukan
A5: Anggota tanpa NPP | B5: =SUMPRODUCT(--('01_Anggota'!$D$5:$D$1212<>""),--('01_Anggota'!$B$5:$B$1212="")) -> 0 | C5: Identitas belum lengkap | D5: Lengkapi 01_Anggota
A6: Anggota tanpa tanggal bergabung | B6: =SUMPRODUCT(--('01_Anggota'!$D$5:$D$1212<>""),--('01_Anggota'!$G$5:$G$1212="")) -> 158 | C6: Tanggal wajib diisi | D6: Isi tanggal atau gunakan 2026-09-07
A7: Identitas anggota belum disetujui | B7: =COUNTIF('01_Anggota'!$K$5:$K$1212,"Belum Dipastikan") -> 0 | C7: Nama/NPP belum dipastikan | D7: Setujui atau keluarkan
A8: Simpanan tanpa nama | B8: =SUMPRODUCT(--('03_Simpanan'!$B$5:$B$1739=""),--((('03_Simpanan'!$D$5:$D$1739<>0)+('03_Simpanan'!$E$5:$E$1739<>0)+('03_Simpanan'!$F$5:$F$1739<>0)+('03_Simpanan'!$G$5:$G$1739<>0))>0)) -> 0 | C8: Ada nilai simpanan tetapi belum tersambung | D8: Pilih nama dari daftar
A9: Simpanan tanpa NPP | B9: =SUMPRODUCT(--('03_Simpanan'!$B$5:$B$1739<>""),--(('03_Simpanan'!$C$5:$C$1739="")+('03_Simpanan'!$C$5:$C$1739="NPP TIDAK DITEMUKAN")>0)) -> 0 | C9: Nama simpanan belum punya NPP | D9: Periksa 01_Anggota
A10: Pinjaman tanpa nomor atau nama | B10: =SUMPRODUCT(--(((('04_Pinjaman'!$A$5:$A$1004<>"")+('04_Pinjaman'!$B$5:$B$1004<>"")+('04_Pinjaman'!$D$5:$D$1004<>"")+('04_Pinjaman'!$E$5:$E$1004<>"")+('04_Pinjaman'!$G$5:$G$1004<>"")+('04_Pinjaman'!$H$5:$H$1004<>"")+('04_Pinjaman'!$I$5:$I$1004<>"")+('04_Pinjaman'!$J$5:$J$1004<>"")+('04_Pinjaman'!#REF!<>"")+('04_Pinjaman'!$K$5:$K$1004<>""))>0)),--((('04_Pinjaman'!$A$5:$A$1004="")+('04_Pinjaman'!$B$5:$B$1004=""))>0)) -> #REF! | C10: Pinjaman belum tersambung | D10: Isi nomor dan pilih nama
A11: Pinjaman tanpa pokok atau lama cicilan | B11: =SUMPRODUCT(--('04_Pinjaman'!$A$5:$A$1004<>""),--((('04_Pinjaman'!$E$5:$E$1004="")+('04_Pinjaman'!$H$5:$H$1004="")>0))) -> 0 | C11: Nilai pinjaman belum lengkap | D11: Lengkapi angka
A12: Pinjaman tanpa tanggal cair | B12: =SUMPRODUCT(--('04_Pinjaman'!$A$5:$A$1004<>""),--('04_Pinjaman'!$I$5:$I$1004="")) -> 0 | C12: Jadwal belum dapat dibuat | D12: Lengkapi tanggal
A13: Angsuran tanpa No Pinjaman | B13: =SUMPRODUCT(--('05_Angsuran'!$B$5:$B$1004=""),--(('05_Angsuran'!$E$5:$E$1004<>"")+('05_Angsuran'!$F$5:$F$1004<>"")>0)) -> 0 | C13: Angsuran belum tersambung | D13: Pilih No Pinjaman
A14: Angsuran tanpa tanggal atau jumlah | B14: =SUMPRODUCT(--('05_Angsuran'!$B$5:$B$1004<>""),--(('05_Angsuran'!$E$5:$E$1004="")+('05_Angsuran'!$F$5:$F$1004="")>0)) -> 0 | C14: Data angsuran belum lengkap | D14: Isi tanggal dan jumlah

Sheet 09_Contoh_Isian
A1: Contoh pengisian
A2: Semua baris di tab ini hanya contoh. Jangan kirim atau masukkan baris contoh sebagai data sebenarnya.
A3: Cara memakai: ikuti susunan kolomnya, ganti isi contoh dengan data asli, lalu hapus tab ini sebelum workbook dikirim.
A5: Contoh 01_Anggota
A6: No | B6: NPP Koperasi | C6: NPP Lama | D6: Nama Lengkap | E6: Status | F6: Jenis Anggota | G6: Tanggal Bergabung | H6: Area | I6: No. HP | J6: Alamat | K6: Keputusan Identitas | L6: Masukkan? | M6: Catatan
A7: 1 | B7: 00555 | C7: 00444 | D7: Budi Santoso | E7: Aktif | F7: Pegawai | G7: 45306 | H7: Cakung | I7: 081234567890 | J7: Alamat contoh | K7: Setuju | L7: Tidak | M7: CONTOH - HAPUS BARIS INI
A10: Contoh 02_Pencocokan_Nama
A11: No | B11: Nama dari File Asal | C11: NPP dari File Asal | D11: Nama yang Benar | E11: NPP yang Dipakai | F11: Keputusan | G11: Catatan | H11: Asal Sheet | I11: Baris Asal
A12: 1 | B12: Budi Sntoso | C12: 00555 | D12: Budi Santoso | E12: 00555 | F12: Setuju | G12: Nama typo diperbaiki | H12: Master Anggota | I12: 12
A15: Contoh 03_Simpanan
A16: No | B16: Nama Anggota | C16: NPP | D16: KHUSUS (Rp) | E16: MANASUKA (Rp) | F16: WAJIB (Rp) | G16: SHU (Rp) | H16: Catatan
A17: 1 | B17: Budi Santoso | C17: 00555 | D17: 1000 | E17: 10000 | F17: 2000 | G17: 9000 | H17: CONTOH - HAPUS BARIS INI
A20: Contoh 04_Pinjaman
A21: No Pinjaman | B21: Nama Anggota | C21: NPP | D21: Jenis Pinjaman | E21: Pokok (Rp) | F21: Admin (Rp) | G21: Total Kewajiban (Rp) | H21: Lama Cicilan (Bulan) | I21: Tanggal Cair | J21: Status | K21: Masukkan? | L21: Catatan
A22: PINJ-0001 | B22: Budi Santoso | C22: 00555 | D22: Reguler | E22: 1000000 | F22: 10000 | G22: 1010000 | H22: 10 | I22: 46023 | J22: Berjalan | K22: Ya | L22: CONTOH - HAPUS BARIS INI
A25: Contoh 05_Angsuran
A26: No Angsuran | B26: No Pinjaman | C26: Nama Anggota | D26: NPP | E26: Tanggal | F26: Jumlah (Rp) | G26: Metode | H26: Catatan
A27: 1 | B27: PINJ-0001 | C27: Budi Santoso | D27: 00555 | E27: 46081 | F27: 101000 | G27: 3. Cicilan | H27: CONTOH - HAPUS BARIS INI
A30: Contoh 06_Pengecualian
A31: Asal Sheet | B31: Baris | C31: Jenis Data | D31: Nama | E31: NPP | F31: Nilai Asli | G31: Alasan | H31: Disetujui Oleh | I31: Tanggal Persetujuan | J31: Catatan
A32: Detail Simpanan | B32: 99 | C32: Simpanan | D32: Nama Tidak Dikenal | E32: 0 | F32: Rp 20.000 | G32: Nama tidak ditemukan di daftar anggota | H32: Admin | I32: 46272 | J32: Tetap disimpan sebagai catatan
A35: Contoh 07_Pertanyaan
A36: Topik | B36: Pertanyaan | C36: Jawaban | D36: Status | E36: Asal Sheet | F36: Baris | G36: Catatan
A37: Identitas | B37: Nama dari file asal cocok dengan anggota siapa? | C37: Budi Santoso, NPP 00555 | D37: Sudah Dijawab | E37: Detail Simpanan | F37: 25 | G37: Contoh jawaban
